n_it,design,vsr,timeTrend,useLogReg,modelTT,maxN,burnin,interimfrequency,blockcontrol,threshold0,activetowin,futility,armDropFixed,spendingFunParam
10000,rar,null,flat,TRUE,TRUE,240,48,24,8,0.0833333,FALSE,FALSE,FALSE,-0.5
10000,rar,nugget,flat,TRUE,TRUE,240,48,24,8,0.0833333,FALSE,FALSE,FALSE,-0.5
10000,rar,mixed,flat,TRUE,TRUE,240,48,24,8,0.0833333,FALSE,FALSE,FALSE,-0.5
10000,rar,twolow,flat,TRUE,TRUE,240,48,24,8,0.0833333,FALSE,FALSE,FALSE,-0.5
10000,rar,twohigh,flat,TRUE,TRUE,240,48,24,8,0.0833333,FALSE,FALSE,FALSE,-0.5
10000,rar,threemixed,flat,TRUE,TRUE,240,48,24,8,0.0833333,FALSE,FALSE,FALSE,-0.5
10000,fixed,null,flat,TRUE,TRUE,240,48,24,8,0.0833333,FALSE,FALSE,FALSE,-0.5
10000,fixed,nugget,flat,TRUE,TRUE,240,48,24,8,0.0833333,FALSE,FALSE,FALSE,-0.5
10000,fixed,mixed,flat,TRUE,TRUE,240,48,24,8,0.0833333,FALSE,FALSE,FALSE,-0.5
10000,fixed,twolow,flat,TRUE,TRUE,240,48,24,8,0.0833333,FALSE,FALSE,FALSE,-0.5
10000,fixed,twohigh,flat,TRUE,TRUE,240,48,24,8,0.0833333,FALSE,FALSE,FALSE,-0.5
10000,fixed,threemixed,flat,TRUE,TRUE,240,48,24,8,0.0833333,FALSE,FALSE,FALSE,-0.5
10000,armdropmax,null,flat,TRUE,TRUE,240,48,24,8,0.0833333,TRUE,FALSE,FALSE,-0.5
10000,armdropmax,nugget,flat,TRUE,TRUE,240,48,24,8,0.0833333,TRUE,FALSE,FALSE,-0.5
10000,armdropmax,mixed,flat,TRUE,TRUE,240,48,24,8,0.0833333,TRUE,FALSE,FALSE,-0.5
10000,armdropmax,twolow,flat,TRUE,TRUE,240,48,24,8,0.0833333,TRUE,FALSE,FALSE,-0.5
10000,armdropmax,twohigh,flat,TRUE,TRUE,240,48,24,8,0.0833333,TRUE,FALSE,FALSE,-0.5
10000,armdropmax,threemixed,flat,TRUE,TRUE,240,48,24,8,0.0833333,TRUE,FALSE,FALSE,-0.5
10000,armdroppbo,null,flat,TRUE,TRUE,240,48,24,8,0.0833333,TRUE,FALSE,FALSE,-0.5
10000,armdroppbo,nugget,flat,TRUE,TRUE,240,48,24,8,0.0833333,TRUE,FALSE,FALSE,-0.5
10000,armdroppbo,mixed,flat,TRUE,TRUE,240,48,24,8,0.0833333,TRUE,FALSE,FALSE,-0.5
10000,armdroppbo,twolow,flat,TRUE,TRUE,240,48,24,8,0.0833333,TRUE,FALSE,FALSE,-0.5
10000,armdroppbo,twohigh,flat,TRUE,TRUE,240,48,24,8,0.0833333,TRUE,FALSE,FALSE,-0.5
10000,armdroppbo,threemixed,flat,TRUE,TRUE,240,48,24,8,0.0833333,TRUE,FALSE,FALSE,-0.5
10000,rar,null,linearUp,TRUE,TRUE,240,48,24,8,0.0833333,FALSE,FALSE,FALSE,-0.5
10000,rar,nugget,linearUp,TRUE,TRUE,240,48,24,8,0.0833333,FALSE,FALSE,FALSE,-0.5
10000,rar,mixed,linearUp,TRUE,TRUE,240,48,24,8,0.0833333,FALSE,FALSE,FALSE,-0.5
10000,rar,twolow,linearUp,TRUE,TRUE,240,48,24,8,0.0833333,FALSE,FALSE,FALSE,-0.5
10000,rar,twohigh,linearUp,TRUE,TRUE,240,48,24,8,0.0833333,FALSE,FALSE,FALSE,-0.5
10000,rar,threemixed,linearUp,TRUE,TRUE,240,48,24,8,0.0833333,FALSE,FALSE,FALSE,-0.5
10000,fixed,null,linearUp,TRUE,TRUE,240,48,24,8,0.0833333,FALSE,FALSE,FALSE,-0.5
10000,fixed,nugget,linearUp,TRUE,TRUE,240,48,24,8,0.0833333,FALSE,FALSE,FALSE,-0.5
10000,fixed,mixed,linearUp,TRUE,TRUE,240,48,24,8,0.0833333,FALSE,FALSE,FALSE,-0.5
10000,fixed,twolow,linearUp,TRUE,TRUE,240,48,24,8,0.0833333,FALSE,FALSE,FALSE,-0.5
10000,fixed,twohigh,linearUp,TRUE,TRUE,240,48,24,8,0.0833333,FALSE,FALSE,FALSE,-0.5
10000,fixed,threemixed,linearUp,TRUE,TRUE,240,48,24,8,0.0833333,FALSE,FALSE,FALSE,-0.5
10000,armdropmax,null,linearUp,TRUE,TRUE,240,48,24,8,0.0833333,TRUE,FALSE,FALSE,-0.5
10000,armdropmax,nugget,linearUp,TRUE,TRUE,240,48,24,8,0.0833333,TRUE,FALSE,FALSE,-0.5
10000,armdropmax,mixed,linearUp,TRUE,TRUE,240,48,24,8,0.0833333,TRUE,FALSE,FALSE,-0.5
10000,armdropmax,twolow,linearUp,TRUE,TRUE,240,48,24,8,0.0833333,TRUE,FALSE,FALSE,-0.5
10000,armdropmax,twohigh,linearUp,TRUE,TRUE,240,48,24,8,0.0833333,TRUE,FALSE,FALSE,-0.5
10000,armdropmax,threemixed,linearUp,TRUE,TRUE,240,48,24,8,0.0833333,TRUE,FALSE,FALSE,-0.5
10000,armdroppbo,null,linearUp,TRUE,TRUE,240,48,24,8,0.0833333,TRUE,FALSE,FALSE,-0.5
10000,armdroppbo,nugget,linearUp,TRUE,TRUE,240,48,24,8,0.0833333,TRUE,FALSE,FALSE,-0.5
10000,armdroppbo,mixed,linearUp,TRUE,TRUE,240,48,24,8,0.0833333,TRUE,FALSE,FALSE,-0.5
10000,armdroppbo,twolow,linearUp,TRUE,TRUE,240,48,24,8,0.0833333,TRUE,FALSE,FALSE,-0.5
10000,armdroppbo,twohigh,linearUp,TRUE,TRUE,240,48,24,8,0.0833333,TRUE,FALSE,FALSE,-0.5
10000,armdroppbo,threemixed,linearUp,TRUE,TRUE,240,48,24,8,0.0833333,TRUE,FALSE,FALSE,-0.5
10000,rar,null,linearDown,TRUE,TRUE,240,48,24,8,0.0833333,FALSE,FALSE,FALSE,-0.5
10000,rar,nugget,linearDown,TRUE,TRUE,240,48,24,8,0.0833333,FALSE,FALSE,FALSE,-0.5
10000,rar,mixed,linearDown,TRUE,TRUE,240,48,24,8,0.0833333,FALSE,FALSE,FALSE,-0.5
10000,rar,twolow,linearDown,TRUE,TRUE,240,48,24,8,0.0833333,FALSE,FALSE,FALSE,-0.5
10000,rar,twohigh,linearDown,TRUE,TRUE,240,48,24,8,0.0833333,FALSE,FALSE,FALSE,-0.5
10000,rar,threemixed,linearDown,TRUE,TRUE,240,48,24,8,0.0833333,FALSE,FALSE,FALSE,-0.5
10000,fixed,null,linearDown,TRUE,TRUE,240,48,24,8,0.0833333,FALSE,FALSE,FALSE,-0.5
10000,fixed,nugget,linearDown,TRUE,TRUE,240,48,24,8,0.0833333,FALSE,FALSE,FALSE,-0.5
10000,fixed,mixed,linearDown,TRUE,TRUE,240,48,24,8,0.0833333,FALSE,FALSE,FALSE,-0.5
10000,fixed,twolow,linearDown,TRUE,TRUE,240,48,24,8,0.0833333,FALSE,FALSE,FALSE,-0.5
10000,fixed,twohigh,linearDown,TRUE,TRUE,240,48,24,8,0.0833333,FALSE,FALSE,FALSE,-0.5
10000,fixed,threemixed,linearDown,TRUE,TRUE,240,48,24,8,0.0833333,FALSE,FALSE,FALSE,-0.5
10000,armdropmax,null,linearDown,TRUE,TRUE,240,48,24,8,0.0833333,TRUE,FALSE,FALSE,-0.5
10000,armdropmax,nugget,linearDown,TRUE,TRUE,240,48,24,8,0.0833333,TRUE,FALSE,FALSE,-0.5
10000,armdropmax,mixed,linearDown,TRUE,TRUE,240,48,24,8,0.0833333,TRUE,FALSE,FALSE,-0.5
10000,armdropmax,twolow,linearDown,TRUE,TRUE,240,48,24,8,0.0833333,TRUE,FALSE,FALSE,-0.5
10000,armdropmax,twohigh,linearDown,TRUE,TRUE,240,48,24,8,0.0833333,TRUE,FALSE,FALSE,-0.5
10000,armdropmax,threemixed,linearDown,TRUE,TRUE,240,48,24,8,0.0833333,TRUE,FALSE,FALSE,-0.5
10000,armdroppbo,null,linearDown,TRUE,TRUE,240,48,24,8,0.0833333,TRUE,FALSE,FALSE,-0.5
10000,armdroppbo,nugget,linearDown,TRUE,TRUE,240,48,24,8,0.0833333,TRUE,FALSE,FALSE,-0.5
10000,armdroppbo,mixed,linearDown,TRUE,TRUE,240,48,24,8,0.0833333,TRUE,FALSE,FALSE,-0.5
10000,armdroppbo,twolow,linearDown,TRUE,TRUE,240,48,24,8,0.0833333,TRUE,FALSE,FALSE,-0.5
10000,armdroppbo,twohigh,linearDown,TRUE,TRUE,240,48,24,8,0.0833333,TRUE,FALSE,FALSE,-0.5
10000,armdroppbo,threemixed,linearDown,TRUE,TRUE,240,48,24,8,0.0833333,TRUE,FALSE,FALSE,-0.5
10000,rar,null,seasonal,TRUE,TRUE,240,48,24,8,0.0833333,FALSE,FALSE,FALSE,-0.5
10000,rar,nugget,seasonal,TRUE,TRUE,240,48,24,8,0.0833333,FALSE,FALSE,FALSE,-0.5
10000,rar,mixed,seasonal,TRUE,TRUE,240,48,24,8,0.0833333,FALSE,FALSE,FALSE,-0.5
10000,rar,twolow,seasonal,TRUE,TRUE,240,48,24,8,0.0833333,FALSE,FALSE,FALSE,-0.5
10000,rar,twohigh,seasonal,TRUE,TRUE,240,48,24,8,0.0833333,FALSE,FALSE,FALSE,-0.5
10000,rar,threemixed,seasonal,TRUE,TRUE,240,48,24,8,0.0833333,FALSE,FALSE,FALSE,-0.5
10000,fixed,null,seasonal,TRUE,TRUE,240,48,24,8,0.0833333,FALSE,FALSE,FALSE,-0.5
10000,fixed,nugget,seasonal,TRUE,TRUE,240,48,24,8,0.0833333,FALSE,FALSE,FALSE,-0.5
10000,fixed,mixed,seasonal,TRUE,TRUE,240,48,24,8,0.0833333,FALSE,FALSE,FALSE,-0.5
10000,fixed,twolow,seasonal,TRUE,TRUE,240,48,24,8,0.0833333,FALSE,FALSE,FALSE,-0.5
10000,fixed,twohigh,seasonal,TRUE,TRUE,240,48,24,8,0.0833333,FALSE,FALSE,FALSE,-0.5
10000,fixed,threemixed,seasonal,TRUE,TRUE,240,48,24,8,0.0833333,FALSE,FALSE,FALSE,-0.5
10000,armdropmax,null,seasonal,TRUE,TRUE,240,48,24,8,0.0833333,TRUE,FALSE,FALSE,-0.5
10000,armdropmax,nugget,seasonal,TRUE,TRUE,240,48,24,8,0.0833333,TRUE,FALSE,FALSE,-0.5
10000,armdropmax,mixed,seasonal,TRUE,TRUE,240,48,24,8,0.0833333,TRUE,FALSE,FALSE,-0.5
10000,armdropmax,twolow,seasonal,TRUE,TRUE,240,48,24,8,0.0833333,TRUE,FALSE,FALSE,-0.5
10000,armdropmax,twohigh,seasonal,TRUE,TRUE,240,48,24,8,0.0833333,TRUE,FALSE,FALSE,-0.5
10000,armdropmax,threemixed,seasonal,TRUE,TRUE,240,48,24,8,0.0833333,TRUE,FALSE,FALSE,-0.5
10000,armdroppbo,null,seasonal,TRUE,TRUE,240,48,24,8,0.0833333,TRUE,FALSE,FALSE,-0.5
10000,armdroppbo,nugget,seasonal,TRUE,TRUE,240,48,24,8,0.0833333,TRUE,FALSE,FALSE,-0.5
10000,armdroppbo,mixed,seasonal,TRUE,TRUE,240,48,24,8,0.0833333,TRUE,FALSE,FALSE,-0.5
10000,armdroppbo,twolow,seasonal,TRUE,TRUE,240,48,24,8,0.0833333,TRUE,FALSE,FALSE,-0.5
10000,armdroppbo,twohigh,seasonal,TRUE,TRUE,240,48,24,8,0.0833333,TRUE,FALSE,FALSE,-0.5
10000,armdroppbo,threemixed,seasonal,TRUE,TRUE,240,48,24,8,0.0833333,TRUE,FALSE,FALSE,-0.5
10000,rar,null,changepoint,TRUE,TRUE,240,48,24,8,0.0833333,FALSE,FALSE,FALSE,-0.5
10000,rar,nugget,changepoint,TRUE,TRUE,240,48,24,8,0.0833333,FALSE,FALSE,FALSE,-0.5
10000,rar,mixed,changepoint,TRUE,TRUE,240,48,24,8,0.0833333,FALSE,FALSE,FALSE,-0.5
10000,rar,twolow,changepoint,TRUE,TRUE,240,48,24,8,0.0833333,FALSE,FALSE,FALSE,-0.5
10000,rar,twohigh,changepoint,TRUE,TRUE,240,48,24,8,0.0833333,FALSE,FALSE,FALSE,-0.5
10000,rar,threemixed,changepoint,TRUE,TRUE,240,48,24,8,0.0833333,FALSE,FALSE,FALSE,-0.5
10000,fixed,null,changepoint,TRUE,TRUE,240,48,24,8,0.0833333,FALSE,FALSE,FALSE,-0.5
10000,fixed,nugget,changepoint,TRUE,TRUE,240,48,24,8,0.0833333,FALSE,FALSE,FALSE,-0.5
10000,fixed,mixed,changepoint,TRUE,TRUE,240,48,24,8,0.0833333,FALSE,FALSE,FALSE,-0.5
10000,fixed,twolow,changepoint,TRUE,TRUE,240,48,24,8,0.0833333,FALSE,FALSE,FALSE,-0.5
10000,fixed,twohigh,changepoint,TRUE,TRUE,240,48,24,8,0.0833333,FALSE,FALSE,FALSE,-0.5
10000,fixed,threemixed,changepoint,TRUE,TRUE,240,48,24,8,0.0833333,FALSE,FALSE,FALSE,-0.5
10000,armdropmax,null,changepoint,TRUE,TRUE,240,48,24,8,0.0833333,TRUE,FALSE,FALSE,-0.5
10000,armdropmax,nugget,changepoint,TRUE,TRUE,240,48,24,8,0.0833333,TRUE,FALSE,FALSE,-0.5
10000,armdropmax,mixed,changepoint,TRUE,TRUE,240,48,24,8,0.0833333,TRUE,FALSE,FALSE,-0.5
10000,armdropmax,twolow,changepoint,TRUE,TRUE,240,48,24,8,0.0833333,TRUE,FALSE,FALSE,-0.5
10000,armdropmax,twohigh,changepoint,TRUE,TRUE,240,48,24,8,0.0833333,TRUE,FALSE,FALSE,-0.5
10000,armdropmax,threemixed,changepoint,TRUE,TRUE,240,48,24,8,0.0833333,TRUE,FALSE,FALSE,-0.5
10000,armdroppbo,null,changepoint,TRUE,TRUE,240,48,24,8,0.0833333,TRUE,FALSE,FALSE,-0.5
10000,armdroppbo,nugget,changepoint,TRUE,TRUE,240,48,24,8,0.0833333,TRUE,FALSE,FALSE,-0.5
10000,armdroppbo,mixed,changepoint,TRUE,TRUE,240,48,24,8,0.0833333,TRUE,FALSE,FALSE,-0.5
10000,armdroppbo,twolow,changepoint,TRUE,TRUE,240,48,24,8,0.0833333,TRUE,FALSE,FALSE,-0.5
10000,armdroppbo,twohigh,changepoint,TRUE,TRUE,240,48,24,8,0.0833333,TRUE,FALSE,FALSE,-0.5
10000,armdroppbo,threemixed,changepoint,TRUE,TRUE,240,48,24,8,0.0833333,TRUE,FALSE,FALSE,-0.5
10000,rar,null,flat,TRUE,FALSE,240,48,24,8,0.0833333,FALSE,FALSE,FALSE,-0.5
10000,rar,nugget,flat,TRUE,FALSE,240,48,24,8,0.0833333,FALSE,FALSE,FALSE,-0.5
10000,rar,mixed,flat,TRUE,FALSE,240,48,24,8,0.0833333,FALSE,FALSE,FALSE,-0.5
10000,rar,twolow,flat,TRUE,FALSE,240,48,24,8,0.0833333,FALSE,FALSE,FALSE,-0.5
10000,rar,twohigh,flat,TRUE,FALSE,240,48,24,8,0.0833333,FALSE,FALSE,FALSE,-0.5
10000,rar,threemixed,flat,TRUE,FALSE,240,48,24,8,0.0833333,FALSE,FALSE,FALSE,-0.5
10000,fixed,null,flat,TRUE,FALSE,240,48,24,8,0.0833333,FALSE,FALSE,FALSE,-0.5
10000,fixed,nugget,flat,TRUE,FALSE,240,48,24,8,0.0833333,FALSE,FALSE,FALSE,-0.5
10000,fixed,mixed,flat,TRUE,FALSE,240,48,24,8,0.0833333,FALSE,FALSE,FALSE,-0.5
10000,fixed,twolow,flat,TRUE,FALSE,240,48,24,8,0.0833333,FALSE,FALSE,FALSE,-0.5
10000,fixed,twohigh,flat,TRUE,FALSE,240,48,24,8,0.0833333,FALSE,FALSE,FALSE,-0.5
10000,fixed,threemixed,flat,TRUE,FALSE,240,48,24,8,0.0833333,FALSE,FALSE,FALSE,-0.5
10000,armdropmax,null,flat,TRUE,FALSE,240,48,24,8,0.0833333,TRUE,FALSE,FALSE,-0.5
10000,armdropmax,nugget,flat,TRUE,FALSE,240,48,24,8,0.0833333,TRUE,FALSE,FALSE,-0.5
10000,armdropmax,mixed,flat,TRUE,FALSE,240,48,24,8,0.0833333,TRUE,FALSE,FALSE,-0.5
10000,armdropmax,twolow,flat,TRUE,FALSE,240,48,24,8,0.0833333,TRUE,FALSE,FALSE,-0.5
10000,armdropmax,twohigh,flat,TRUE,FALSE,240,48,24,8,0.0833333,TRUE,FALSE,FALSE,-0.5
10000,armdropmax,threemixed,flat,TRUE,FALSE,240,48,24,8,0.0833333,TRUE,FALSE,FALSE,-0.5
10000,armdroppbo,null,flat,TRUE,FALSE,240,48,24,8,0.0833333,TRUE,FALSE,FALSE,-0.5
10000,armdroppbo,nugget,flat,TRUE,FALSE,240,48,24,8,0.0833333,TRUE,FALSE,FALSE,-0.5
10000,armdroppbo,mixed,flat,TRUE,FALSE,240,48,24,8,0.0833333,TRUE,FALSE,FALSE,-0.5
10000,armdroppbo,twolow,flat,TRUE,FALSE,240,48,24,8,0.0833333,TRUE,FALSE,FALSE,-0.5
10000,armdroppbo,twohigh,flat,TRUE,FALSE,240,48,24,8,0.0833333,TRUE,FALSE,FALSE,-0.5
10000,armdroppbo,threemixed,flat,TRUE,FALSE,240,48,24,8,0.0833333,TRUE,FALSE,FALSE,-0.5
10000,rar,null,linearUp,TRUE,FALSE,240,48,24,8,0.0833333,FALSE,FALSE,FALSE,-0.5
10000,rar,nugget,linearUp,TRUE,FALSE,240,48,24,8,0.0833333,FALSE,FALSE,FALSE,-0.5
10000,rar,mixed,linearUp,TRUE,FALSE,240,48,24,8,0.0833333,FALSE,FALSE,FALSE,-0.5
10000,rar,twolow,linearUp,TRUE,FALSE,240,48,24,8,0.0833333,FALSE,FALSE,FALSE,-0.5
10000,rar,twohigh,linearUp,TRUE,FALSE,240,48,24,8,0.0833333,FALSE,FALSE,FALSE,-0.5
10000,rar,threemixed,linearUp,TRUE,FALSE,240,48,24,8,0.0833333,FALSE,FALSE,FALSE,-0.5
10000,fixed,null,linearUp,TRUE,FALSE,240,48,24,8,0.0833333,FALSE,FALSE,FALSE,-0.5
10000,fixed,nugget,linearUp,TRUE,FALSE,240,48,24,8,0.0833333,FALSE,FALSE,FALSE,-0.5
10000,fixed,mixed,linearUp,TRUE,FALSE,240,48,24,8,0.0833333,FALSE,FALSE,FALSE,-0.5
10000,fixed,twolow,linearUp,TRUE,FALSE,240,48,24,8,0.0833333,FALSE,FALSE,FALSE,-0.5
10000,fixed,twohigh,linearUp,TRUE,FALSE,240,48,24,8,0.0833333,FALSE,FALSE,FALSE,-0.5
10000,fixed,threemixed,linearUp,TRUE,FALSE,240,48,24,8,0.0833333,FALSE,FALSE,FALSE,-0.5
10000,armdropmax,null,linearUp,TRUE,FALSE,240,48,24,8,0.0833333,TRUE,FALSE,FALSE,-0.5
10000,armdropmax,nugget,linearUp,TRUE,FALSE,240,48,24,8,0.0833333,TRUE,FALSE,FALSE,-0.5
10000,armdropmax,mixed,linearUp,TRUE,FALSE,240,48,24,8,0.0833333,TRUE,FALSE,FALSE,-0.5
10000,armdropmax,twolow,linearUp,TRUE,FALSE,240,48,24,8,0.0833333,TRUE,FALSE,FALSE,-0.5
10000,armdropmax,twohigh,linearUp,TRUE,FALSE,240,48,24,8,0.0833333,TRUE,FALSE,FALSE,-0.5
10000,armdropmax,threemixed,linearUp,TRUE,FALSE,240,48,24,8,0.0833333,TRUE,FALSE,FALSE,-0.5
10000,armdroppbo,null,linearUp,TRUE,FALSE,240,48,24,8,0.0833333,TRUE,FALSE,FALSE,-0.5
10000,armdroppbo,nugget,linearUp,TRUE,FALSE,240,48,24,8,0.0833333,TRUE,FALSE,FALSE,-0.5
10000,armdroppbo,mixed,linearUp,TRUE,FALSE,240,48,24,8,0.0833333,TRUE,FALSE,FALSE,-0.5
10000,armdroppbo,twolow,linearUp,TRUE,FALSE,240,48,24,8,0.0833333,TRUE,FALSE,FALSE,-0.5
10000,armdroppbo,twohigh,linearUp,TRUE,FALSE,240,48,24,8,0.0833333,TRUE,FALSE,FALSE,-0.5
10000,armdroppbo,threemixed,linearUp,TRUE,FALSE,240,48,24,8,0.0833333,TRUE,FALSE,FALSE,-0.5
10000,rar,null,linearDown,TRUE,FALSE,240,48,24,8,0.0833333,FALSE,FALSE,FALSE,-0.5
10000,rar,nugget,linearDown,TRUE,FALSE,240,48,24,8,0.0833333,FALSE,FALSE,FALSE,-0.5
10000,rar,mixed,linearDown,TRUE,FALSE,240,48,24,8,0.0833333,FALSE,FALSE,FALSE,-0.5
10000,rar,twolow,linearDown,TRUE,FALSE,240,48,24,8,0.0833333,FALSE,FALSE,FALSE,-0.5
10000,rar,twohigh,linearDown,TRUE,FALSE,240,48,24,8,0.0833333,FALSE,FALSE,FALSE,-0.5
10000,rar,threemixed,linearDown,TRUE,FALSE,240,48,24,8,0.0833333,FALSE,FALSE,FALSE,-0.5
10000,fixed,null,linearDown,TRUE,FALSE,240,48,24,8,0.0833333,FALSE,FALSE,FALSE,-0.5
10000,fixed,nugget,linearDown,TRUE,FALSE,240,48,24,8,0.0833333,FALSE,FALSE,FALSE,-0.5
10000,fixed,mixed,linearDown,TRUE,FALSE,240,48,24,8,0.0833333,FALSE,FALSE,FALSE,-0.5
10000,fixed,twolow,linearDown,TRUE,FALSE,240,48,24,8,0.0833333,FALSE,FALSE,FALSE,-0.5
10000,fixed,twohigh,linearDown,TRUE,FALSE,240,48,24,8,0.0833333,FALSE,FALSE,FALSE,-0.5
10000,fixed,threemixed,linearDown,TRUE,FALSE,240,48,24,8,0.0833333,FALSE,FALSE,FALSE,-0.5
10000,armdropmax,null,linearDown,TRUE,FALSE,240,48,24,8,0.0833333,TRUE,FALSE,FALSE,-0.5
10000,armdropmax,nugget,linearDown,TRUE,FALSE,240,48,24,8,0.0833333,TRUE,FALSE,FALSE,-0.5
10000,armdropmax,mixed,linearDown,TRUE,FALSE,240,48,24,8,0.0833333,TRUE,FALSE,FALSE,-0.5
10000,armdropmax,twolow,linearDown,TRUE,FALSE,240,48,24,8,0.0833333,TRUE,FALSE,FALSE,-0.5
10000,armdropmax,twohigh,linearDown,TRUE,FALSE,240,48,24,8,0.0833333,TRUE,FALSE,FALSE,-0.5
10000,armdropmax,threemixed,linearDown,TRUE,FALSE,240,48,24,8,0.0833333,TRUE,FALSE,FALSE,-0.5
10000,armdroppbo,null,linearDown,TRUE,FALSE,240,48,24,8,0.0833333,TRUE,FALSE,FALSE,-0.5
10000,armdroppbo,nugget,linearDown,TRUE,FALSE,240,48,24,8,0.0833333,TRUE,FALSE,FALSE,-0.5
10000,armdroppbo,mixed,linearDown,TRUE,FALSE,240,48,24,8,0.0833333,TRUE,FALSE,FALSE,-0.5
10000,armdroppbo,twolow,linearDown,TRUE,FALSE,240,48,24,8,0.0833333,TRUE,FALSE,FALSE,-0.5
10000,armdroppbo,twohigh,linearDown,TRUE,FALSE,240,48,24,8,0.0833333,TRUE,FALSE,FALSE,-0.5
10000,armdroppbo,threemixed,linearDown,TRUE,FALSE,240,48,24,8,0.0833333,TRUE,FALSE,FALSE,-0.5
10000,rar,null,seasonal,TRUE,FALSE,240,48,24,8,0.0833333,FALSE,FALSE,FALSE,-0.5
10000,rar,nugget,seasonal,TRUE,FALSE,240,48,24,8,0.0833333,FALSE,FALSE,FALSE,-0.5
10000,rar,mixed,seasonal,TRUE,FALSE,240,48,24,8,0.0833333,FALSE,FALSE,FALSE,-0.5
10000,rar,twolow,seasonal,TRUE,FALSE,240,48,24,8,0.0833333,FALSE,FALSE,FALSE,-0.5
10000,rar,twohigh,seasonal,TRUE,FALSE,240,48,24,8,0.0833333,FALSE,FALSE,FALSE,-0.5
10000,rar,threemixed,seasonal,TRUE,FALSE,240,48,24,8,0.0833333,FALSE,FALSE,FALSE,-0.5
10000,fixed,null,seasonal,TRUE,FALSE,240,48,24,8,0.0833333,FALSE,FALSE,FALSE,-0.5
10000,fixed,nugget,seasonal,TRUE,FALSE,240,48,24,8,0.0833333,FALSE,FALSE,FALSE,-0.5
10000,fixed,mixed,seasonal,TRUE,FALSE,240,48,24,8,0.0833333,FALSE,FALSE,FALSE,-0.5
10000,fixed,twolow,seasonal,TRUE,FALSE,240,48,24,8,0.0833333,FALSE,FALSE,FALSE,-0.5
10000,fixed,twohigh,seasonal,TRUE,FALSE,240,48,24,8,0.0833333,FALSE,FALSE,FALSE,-0.5
10000,fixed,threemixed,seasonal,TRUE,FALSE,240,48,24,8,0.0833333,FALSE,FALSE,FALSE,-0.5
10000,armdropmax,null,seasonal,TRUE,FALSE,240,48,24,8,0.0833333,TRUE,FALSE,FALSE,-0.5
10000,armdropmax,nugget,seasonal,TRUE,FALSE,240,48,24,8,0.0833333,TRUE,FALSE,FALSE,-0.5
10000,armdropmax,mixed,seasonal,TRUE,FALSE,240,48,24,8,0.0833333,TRUE,FALSE,FALSE,-0.5
10000,armdropmax,twolow,seasonal,TRUE,FALSE,240,48,24,8,0.0833333,TRUE,FALSE,FALSE,-0.5
10000,armdropmax,twohigh,seasonal,TRUE,FALSE,240,48,24,8,0.0833333,TRUE,FALSE,FALSE,-0.5
10000,armdropmax,threemixed,seasonal,TRUE,FALSE,240,48,24,8,0.0833333,TRUE,FALSE,FALSE,-0.5
10000,armdroppbo,null,seasonal,TRUE,FALSE,240,48,24,8,0.0833333,TRUE,FALSE,FALSE,-0.5
10000,armdroppbo,nugget,seasonal,TRUE,FALSE,240,48,24,8,0.0833333,TRUE,FALSE,FALSE,-0.5
10000,armdroppbo,mixed,seasonal,TRUE,FALSE,240,48,24,8,0.0833333,TRUE,FALSE,FALSE,-0.5
10000,armdroppbo,twolow,seasonal,TRUE,FALSE,240,48,24,8,0.0833333,TRUE,FALSE,FALSE,-0.5
10000,armdroppbo,twohigh,seasonal,TRUE,FALSE,240,48,24,8,0.0833333,TRUE,FALSE,FALSE,-0.5
10000,armdroppbo,threemixed,seasonal,TRUE,FALSE,240,48,24,8,0.0833333,TRUE,FALSE,FALSE,-0.5
10000,rar,null,changepoint,TRUE,FALSE,240,48,24,8,0.0833333,FALSE,FALSE,FALSE,-0.5
10000,rar,nugget,changepoint,TRUE,FALSE,240,48,24,8,0.0833333,FALSE,FALSE,FALSE,-0.5
10000,rar,mixed,changepoint,TRUE,FALSE,240,48,24,8,0.0833333,FALSE,FALSE,FALSE,-0.5
10000,rar,twolow,changepoint,TRUE,FALSE,240,48,24,8,0.0833333,FALSE,FALSE,FALSE,-0.5
10000,rar,twohigh,changepoint,TRUE,FALSE,240,48,24,8,0.0833333,FALSE,FALSE,FALSE,-0.5
10000,rar,threemixed,changepoint,TRUE,FALSE,240,48,24,8,0.0833333,FALSE,FALSE,FALSE,-0.5
10000,fixed,null,changepoint,TRUE,FALSE,240,48,24,8,0.0833333,FALSE,FALSE,FALSE,-0.5
10000,fixed,nugget,changepoint,TRUE,FALSE,240,48,24,8,0.0833333,FALSE,FALSE,FALSE,-0.5
10000,fixed,mixed,changepoint,TRUE,FALSE,240,48,24,8,0.0833333,FALSE,FALSE,FALSE,-0.5
10000,fixed,twolow,changepoint,TRUE,FALSE,240,48,24,8,0.0833333,FALSE,FALSE,FALSE,-0.5
10000,fixed,twohigh,changepoint,TRUE,FALSE,240,48,24,8,0.0833333,FALSE,FALSE,FALSE,-0.5
10000,fixed,threemixed,changepoint,TRUE,FALSE,240,48,24,8,0.0833333,FALSE,FALSE,FALSE,-0.5
10000,armdropmax,null,changepoint,TRUE,FALSE,240,48,24,8,0.0833333,TRUE,FALSE,FALSE,-0.5
10000,armdropmax,nugget,changepoint,TRUE,FALSE,240,48,24,8,0.0833333,TRUE,FALSE,FALSE,-0.5
10000,armdropmax,mixed,changepoint,TRUE,FALSE,240,48,24,8,0.0833333,TRUE,FALSE,FALSE,-0.5
10000,armdropmax,twolow,changepoint,TRUE,FALSE,240,48,24,8,0.0833333,TRUE,FALSE,FALSE,-0.5
10000,armdropmax,twohigh,changepoint,TRUE,FALSE,240,48,24,8,0.0833333,TRUE,FALSE,FALSE,-0.5
10000,armdropmax,threemixed,changepoint,TRUE,FALSE,240,48,24,8,0.0833333,TRUE,FALSE,FALSE,-0.5
10000,armdroppbo,null,changepoint,TRUE,FALSE,240,48,24,8,0.0833333,TRUE,FALSE,FALSE,-0.5
10000,armdroppbo,nugget,changepoint,TRUE,FALSE,240,48,24,8,0.0833333,TRUE,FALSE,FALSE,-0.5
10000,armdroppbo,mixed,changepoint,TRUE,FALSE,240,48,24,8,0.0833333,TRUE,FALSE,FALSE,-0.5
10000,armdroppbo,twolow,changepoint,TRUE,FALSE,240,48,24,8,0.0833333,TRUE,FALSE,FALSE,-0.5
10000,armdroppbo,twohigh,changepoint,TRUE,FALSE,240,48,24,8,0.0833333,TRUE,FALSE,FALSE,-0.5
10000,armdroppbo,threemixed,changepoint,TRUE,FALSE,240,48,24,8,0.0833333,TRUE,FALSE,FALSE,-0.5
10000,rar,halfnugget,flat,TRUE,TRUE,240,48,24,8,0.0833333,FALSE,FALSE,FALSE,-0.5
10000,fixed,halfnugget,flat,TRUE,TRUE,240,48,24,8,0.0833333,FALSE,FALSE,FALSE,-0.5
10000,armdropmax,halfnugget,flat,TRUE,TRUE,240,48,24,8,0.0833333,TRUE,FALSE,FALSE,-0.5
10000,armdroppbo,halfnugget,flat,TRUE,TRUE,240,48,24,8,0.0833333,TRUE,FALSE,FALSE,-0.5
10000,rar,halfnugget,linearUp,TRUE,TRUE,240,48,24,8,0.0833333,FALSE,FALSE,FALSE,-0.5
10000,fixed,halfnugget,linearUp,TRUE,TRUE,240,48,24,8,0.0833333,FALSE,FALSE,FALSE,-0.5
10000,armdropmax,halfnugget,linearUp,TRUE,TRUE,240,48,24,8,0.0833333,TRUE,FALSE,FALSE,-0.5
10000,armdroppbo,halfnugget,linearUp,TRUE,TRUE,240,48,24,8,0.0833333,TRUE,FALSE,FALSE,-0.5
10000,rar,halfnugget,linearDown,TRUE,TRUE,240,48,24,8,0.0833333,FALSE,FALSE,FALSE,-0.5
10000,fixed,halfnugget,linearDown,TRUE,TRUE,240,48,24,8,0.0833333,FALSE,FALSE,FALSE,-0.5
10000,armdropmax,halfnugget,linearDown,TRUE,TRUE,240,48,24,8,0.0833333,TRUE,FALSE,FALSE,-0.5
10000,armdroppbo,halfnugget,linearDown,TRUE,TRUE,240,48,24,8,0.0833333,TRUE,FALSE,FALSE,-0.5
10000,rar,halfnugget,seasonal,TRUE,TRUE,240,48,24,8,0.0833333,FALSE,FALSE,FALSE,-0.5
10000,fixed,halfnugget,seasonal,TRUE,TRUE,240,48,24,8,0.0833333,FALSE,FALSE,FALSE,-0.5
10000,armdropmax,halfnugget,seasonal,TRUE,TRUE,240,48,24,8,0.0833333,TRUE,FALSE,FALSE,-0.5
10000,armdroppbo,halfnugget,seasonal,TRUE,TRUE,240,48,24,8,0.0833333,TRUE,FALSE,FALSE,-0.5
10000,rar,halfnugget,changepoint,TRUE,TRUE,240,48,24,8,0.0833333,FALSE,FALSE,FALSE,-0.5
10000,fixed,halfnugget,changepoint,TRUE,TRUE,240,48,24,8,0.0833333,FALSE,FALSE,FALSE,-0.5
10000,armdropmax,halfnugget,changepoint,TRUE,TRUE,240,48,24,8,0.0833333,TRUE,FALSE,FALSE,-0.5
10000,armdroppbo,halfnugget,changepoint,TRUE,TRUE,240,48,24,8,0.0833333,TRUE,FALSE,FALSE,-0.5
10000,rar,halfnugget,flat,TRUE,FALSE,240,48,24,8,0.0833333,FALSE,FALSE,FALSE,-0.5
10000,fixed,halfnugget,flat,TRUE,FALSE,240,48,24,8,0.0833333,FALSE,FALSE,FALSE,-0.5
10000,armdropmax,halfnugget,flat,TRUE,FALSE,240,48,24,8,0.0833333,TRUE,FALSE,FALSE,-0.5
10000,armdroppbo,halfnugget,flat,TRUE,FALSE,240,48,24,8,0.0833333,TRUE,FALSE,FALSE,-0.5
10000,rar,halfnugget,linearUp,TRUE,FALSE,240,48,24,8,0.0833333,FALSE,FALSE,FALSE,-0.5
10000,fixed,halfnugget,linearUp,TRUE,FALSE,240,48,24,8,0.0833333,FALSE,FALSE,FALSE,-0.5
10000,armdropmax,halfnugget,linearUp,TRUE,FALSE,240,48,24,8,0.0833333,TRUE,FALSE,FALSE,-0.5
10000,armdroppbo,halfnugget,linearUp,TRUE,FALSE,240,48,24,8,0.0833333,TRUE,FALSE,FALSE,-0.5
10000,rar,halfnugget,linearDown,TRUE,FALSE,240,48,24,8,0.0833333,FALSE,FALSE,FALSE,-0.5
10000,fixed,halfnugget,linearDown,TRUE,FALSE,240,48,24,8,0.0833333,FALSE,FALSE,FALSE,-0.5
10000,armdropmax,halfnugget,linearDown,TRUE,FALSE,240,48,24,8,0.0833333,TRUE,FALSE,FALSE,-0.5
10000,armdroppbo,halfnugget,linearDown,TRUE,FALSE,240,48,24,8,0.0833333,TRUE,FALSE,FALSE,-0.5
10000,rar,halfnugget,seasonal,TRUE,FALSE,240,48,24,8,0.0833333,FALSE,FALSE,FALSE,-0.5
10000,fixed,halfnugget,seasonal,TRUE,FALSE,240,48,24,8,0.0833333,FALSE,FALSE,FALSE,-0.5
10000,armdropmax,halfnugget,seasonal,TRUE,FALSE,240,48,24,8,0.0833333,TRUE,FALSE,FALSE,-0.5
10000,armdroppbo,halfnugget,seasonal,TRUE,FALSE,240,48,24,8,0.0833333,TRUE,FALSE,FALSE,-0.5
10000,rar,halfnugget,changepoint,TRUE,FALSE,240,48,24,8,0.0833333,FALSE,FALSE,FALSE,-0.5
10000,fixed,halfnugget,changepoint,TRUE,FALSE,240,48,24,8,0.0833333,FALSE,FALSE,FALSE,-0.5
10000,armdropmax,halfnugget,changepoint,TRUE,FALSE,240,48,24,8,0.0833333,TRUE,FALSE,FALSE,-0.5
10000,armdroppbo,halfnugget,changepoint,TRUE,FALSE,240,48,24,8,0.0833333,TRUE,FALSE,FALSE,-0.5
10000,armdroppbo,null,flat,TRUE,TRUE,240,48,24,8,0.083333333,TRUE,FALSE,TRUE,-0.5
10000,armdroppbo,nugget,flat,TRUE,TRUE,240,48,24,8,0.083333333,TRUE,FALSE,TRUE,-0.5
10000,armdroppbo,mixed,flat,TRUE,TRUE,240,48,24,8,0.083333333,TRUE,FALSE,TRUE,-0.5
10000,armdroppbo,twolow,flat,TRUE,TRUE,240,48,24,8,0.083333333,TRUE,FALSE,TRUE,-0.5
10000,armdroppbo,twohigh,flat,TRUE,TRUE,240,48,24,8,0.083333333,TRUE,FALSE,TRUE,-0.5
10000,armdroppbo,threemixed,flat,TRUE,TRUE,240,48,24,8,0.083333333,TRUE,FALSE,TRUE,-0.5
10000,armdroppbo,halfnugget,flat,TRUE,TRUE,240,48,24,8,0.083333333,TRUE,FALSE,TRUE,-0.5
10000,armdroppbo,null,linearUp,TRUE,TRUE,240,48,24,8,0.083333333,TRUE,FALSE,TRUE,-0.5
10000,armdroppbo,nugget,linearUp,TRUE,TRUE,240,48,24,8,0.083333333,TRUE,FALSE,TRUE,-0.5
10000,armdroppbo,mixed,linearUp,TRUE,TRUE,240,48,24,8,0.083333333,TRUE,FALSE,TRUE,-0.5
10000,armdroppbo,twolow,linearUp,TRUE,TRUE,240,48,24,8,0.083333333,TRUE,FALSE,TRUE,-0.5
10000,armdroppbo,twohigh,linearUp,TRUE,TRUE,240,48,24,8,0.083333333,TRUE,FALSE,TRUE,-0.5
10000,armdroppbo,threemixed,linearUp,TRUE,TRUE,240,48,24,8,0.083333333,TRUE,FALSE,TRUE,-0.5
10000,armdroppbo,halfnugget,linearUp,TRUE,TRUE,240,48,24,8,0.083333333,TRUE,FALSE,TRUE,-0.5
10000,armdroppbo,null,linearDown,TRUE,TRUE,240,48,24,8,0.083333333,TRUE,FALSE,TRUE,-0.5
10000,armdroppbo,nugget,linearDown,TRUE,TRUE,240,48,24,8,0.083333333,TRUE,FALSE,TRUE,-0.5
10000,armdroppbo,mixed,linearDown,TRUE,TRUE,240,48,24,8,0.083333333,TRUE,FALSE,TRUE,-0.5
10000,armdroppbo,twolow,linearDown,TRUE,TRUE,240,48,24,8,0.083333333,TRUE,FALSE,TRUE,-0.5
10000,armdroppbo,twohigh,linearDown,TRUE,TRUE,240,48,24,8,0.083333333,TRUE,FALSE,TRUE,-0.5
10000,armdroppbo,threemixed,linearDown,TRUE,TRUE,240,48,24,8,0.083333333,TRUE,FALSE,TRUE,-0.5
10000,armdroppbo,halfnugget,linearDown,TRUE,TRUE,240,48,24,8,0.083333333,TRUE,FALSE,TRUE,-0.5
10000,armdroppbo,null,seasonal,TRUE,TRUE,240,48,24,8,0.083333333,TRUE,FALSE,TRUE,-0.5
10000,armdroppbo,nugget,seasonal,TRUE,TRUE,240,48,24,8,0.083333333,TRUE,FALSE,TRUE,-0.5
10000,armdroppbo,mixed,seasonal,TRUE,TRUE,240,48,24,8,0.083333333,TRUE,FALSE,TRUE,-0.5
10000,armdroppbo,twolow,seasonal,TRUE,TRUE,240,48,24,8,0.083333333,TRUE,FALSE,TRUE,-0.5
10000,armdroppbo,twohigh,seasonal,TRUE,TRUE,240,48,24,8,0.083333333,TRUE,FALSE,TRUE,-0.5
10000,armdroppbo,threemixed,seasonal,TRUE,TRUE,240,48,24,8,0.083333333,TRUE,FALSE,TRUE,-0.5
10000,armdroppbo,halfnugget,seasonal,TRUE,TRUE,240,48,24,8,0.083333333,TRUE,FALSE,TRUE,-0.5
10000,armdroppbo,null,changepoint,TRUE,TRUE,240,48,24,8,0.083333333,TRUE,FALSE,TRUE,-0.5
10000,armdroppbo,nugget,changepoint,TRUE,TRUE,240,48,24,8,0.083333333,TRUE,FALSE,TRUE,-0.5
10000,armdroppbo,mixed,changepoint,TRUE,TRUE,240,48,24,8,0.083333333,TRUE,FALSE,TRUE,-0.5
10000,armdroppbo,twolow,changepoint,TRUE,TRUE,240,48,24,8,0.083333333,TRUE,FALSE,TRUE,-0.5
10000,armdroppbo,twohigh,changepoint,TRUE,TRUE,240,48,24,8,0.083333333,TRUE,FALSE,TRUE,-0.5
10000,armdroppbo,threemixed,changepoint,TRUE,TRUE,240,48,24,8,0.083333333,TRUE,FALSE,TRUE,-0.5
10000,armdroppbo,halfnugget,changepoint,TRUE,TRUE,240,48,24,8,0.083333333,TRUE,FALSE,TRUE,-0.5
10000,armdroppbo,null,flat,TRUE,FALSE,240,48,24,8,0.083333333,TRUE,FALSE,TRUE,-0.5
10000,armdroppbo,nugget,flat,TRUE,FALSE,240,48,24,8,0.083333333,TRUE,FALSE,TRUE,-0.5
10000,armdroppbo,mixed,flat,TRUE,FALSE,240,48,24,8,0.083333333,TRUE,FALSE,TRUE,-0.5
10000,armdroppbo,twolow,flat,TRUE,FALSE,240,48,24,8,0.083333333,TRUE,FALSE,TRUE,-0.5
10000,armdroppbo,twohigh,flat,TRUE,FALSE,240,48,24,8,0.083333333,TRUE,FALSE,TRUE,-0.5
10000,armdroppbo,threemixed,flat,TRUE,FALSE,240,48,24,8,0.083333333,TRUE,FALSE,TRUE,-0.5
10000,armdroppbo,halfnugget,flat,TRUE,FALSE,240,48,24,8,0.083333333,TRUE,FALSE,TRUE,-0.5
10000,armdroppbo,null,linearUp,TRUE,FALSE,240,48,24,8,0.083333333,TRUE,FALSE,TRUE,-0.5
10000,armdroppbo,nugget,linearUp,TRUE,FALSE,240,48,24,8,0.083333333,TRUE,FALSE,TRUE,-0.5
10000,armdroppbo,mixed,linearUp,TRUE,FALSE,240,48,24,8,0.083333333,TRUE,FALSE,TRUE,-0.5
10000,armdroppbo,twolow,linearUp,TRUE,FALSE,240,48,24,8,0.083333333,TRUE,FALSE,TRUE,-0.5
10000,armdroppbo,twohigh,linearUp,TRUE,FALSE,240,48,24,8,0.083333333,TRUE,FALSE,TRUE,-0.5
10000,armdroppbo,threemixed,linearUp,TRUE,FALSE,240,48,24,8,0.083333333,TRUE,FALSE,TRUE,-0.5
10000,armdroppbo,halfnugget,linearUp,TRUE,FALSE,240,48,24,8,0.083333333,TRUE,FALSE,TRUE,-0.5
10000,armdroppbo,null,linearDown,TRUE,FALSE,240,48,24,8,0.083333333,TRUE,FALSE,TRUE,-0.5
10000,armdroppbo,nugget,linearDown,TRUE,FALSE,240,48,24,8,0.083333333,TRUE,FALSE,TRUE,-0.5
10000,armdroppbo,mixed,linearDown,TRUE,FALSE,240,48,24,8,0.083333333,TRUE,FALSE,TRUE,-0.5
10000,armdroppbo,twolow,linearDown,TRUE,FALSE,240,48,24,8,0.083333333,TRUE,FALSE,TRUE,-0.5
10000,armdroppbo,twohigh,linearDown,TRUE,FALSE,240,48,24,8,0.083333333,TRUE,FALSE,TRUE,-0.5
10000,armdroppbo,threemixed,linearDown,TRUE,FALSE,240,48,24,8,0.083333333,TRUE,FALSE,TRUE,-0.5
10000,armdroppbo,halfnugget,linearDown,TRUE,FALSE,240,48,24,8,0.083333333,TRUE,FALSE,TRUE,-0.5
10000,armdroppbo,null,seasonal,TRUE,FALSE,240,48,24,8,0.083333333,TRUE,FALSE,TRUE,-0.5
10000,armdroppbo,nugget,seasonal,TRUE,FALSE,240,48,24,8,0.083333333,TRUE,FALSE,TRUE,-0.5
10000,armdroppbo,mixed,seasonal,TRUE,FALSE,240,48,24,8,0.083333333,TRUE,FALSE,TRUE,-0.5
10000,armdroppbo,twolow,seasonal,TRUE,FALSE,240,48,24,8,0.083333333,TRUE,FALSE,TRUE,-0.5
10000,armdroppbo,twohigh,seasonal,TRUE,FALSE,240,48,24,8,0.083333333,TRUE,FALSE,TRUE,-0.5
10000,armdroppbo,threemixed,seasonal,TRUE,FALSE,240,48,24,8,0.083333333,TRUE,FALSE,TRUE,-0.5
10000,armdroppbo,halfnugget,seasonal,TRUE,FALSE,240,48,24,8,0.083333333,TRUE,FALSE,TRUE,-0.5
10000,armdroppbo,null,changepoint,TRUE,FALSE,240,48,24,8,0.083333333,TRUE,FALSE,TRUE,-0.5
10000,armdroppbo,nugget,changepoint,TRUE,FALSE,240,48,24,8,0.083333333,TRUE,FALSE,TRUE,-0.5
10000,armdroppbo,mixed,changepoint,TRUE,FALSE,240,48,24,8,0.083333333,TRUE,FALSE,TRUE,-0.5
10000,armdroppbo,twolow,changepoint,TRUE,FALSE,240,48,24,8,0.083333333,TRUE,FALSE,TRUE,-0.5
10000,armdroppbo,twohigh,changepoint,TRUE,FALSE,240,48,24,8,0.083333333,TRUE,FALSE,TRUE,-0.5
10000,armdroppbo,threemixed,changepoint,TRUE,FALSE,240,48,24,8,0.083333333,TRUE,FALSE,TRUE,-0.5
10000,armdroppbo,halfnugget,changepoint,TRUE,FALSE,240,48,24,8,0.083333333,TRUE,FALSE,TRUE,-0.5
10000,armdroppbo,null,flat,TRUE,TRUE,240,48,24,8,0.083333333,TRUE,FALSE,TRUE,-4
10000,armdroppbo,nugget,flat,TRUE,TRUE,240,48,24,8,0.083333333,TRUE,FALSE,TRUE,-4
10000,armdroppbo,mixed,flat,TRUE,TRUE,240,48,24,8,0.083333333,TRUE,FALSE,TRUE,-4
10000,armdroppbo,twolow,flat,TRUE,TRUE,240,48,24,8,0.083333333,TRUE,FALSE,TRUE,-4
10000,armdroppbo,twohigh,flat,TRUE,TRUE,240,48,24,8,0.083333333,TRUE,FALSE,TRUE,-4
10000,armdroppbo,threemixed,flat,TRUE,TRUE,240,48,24,8,0.083333333,TRUE,FALSE,TRUE,-4
10000,armdroppbo,halfnugget,flat,TRUE,TRUE,240,48,24,8,0.083333333,TRUE,FALSE,TRUE,-4
10000,armdroppbo,null,linearUp,TRUE,TRUE,240,48,24,8,0.083333333,TRUE,FALSE,TRUE,-4
10000,armdroppbo,nugget,linearUp,TRUE,TRUE,240,48,24,8,0.083333333,TRUE,FALSE,TRUE,-4
10000,armdroppbo,mixed,linearUp,TRUE,TRUE,240,48,24,8,0.083333333,TRUE,FALSE,TRUE,-4
10000,armdroppbo,twolow,linearUp,TRUE,TRUE,240,48,24,8,0.083333333,TRUE,FALSE,TRUE,-4
10000,armdroppbo,twohigh,linearUp,TRUE,TRUE,240,48,24,8,0.083333333,TRUE,FALSE,TRUE,-4
10000,armdroppbo,threemixed,linearUp,TRUE,TRUE,240,48,24,8,0.083333333,TRUE,FALSE,TRUE,-4
10000,armdroppbo,halfnugget,linearUp,TRUE,TRUE,240,48,24,8,0.083333333,TRUE,FALSE,TRUE,-4
10000,armdroppbo,null,linearDown,TRUE,TRUE,240,48,24,8,0.083333333,TRUE,FALSE,TRUE,-4
10000,armdroppbo,nugget,linearDown,TRUE,TRUE,240,48,24,8,0.083333333,TRUE,FALSE,TRUE,-4
10000,armdroppbo,mixed,linearDown,TRUE,TRUE,240,48,24,8,0.083333333,TRUE,FALSE,TRUE,-4
10000,armdroppbo,twolow,linearDown,TRUE,TRUE,240,48,24,8,0.083333333,TRUE,FALSE,TRUE,-4
10000,armdroppbo,twohigh,linearDown,TRUE,TRUE,240,48,24,8,0.083333333,TRUE,FALSE,TRUE,-4
10000,armdroppbo,threemixed,linearDown,TRUE,TRUE,240,48,24,8,0.083333333,TRUE,FALSE,TRUE,-4
10000,armdroppbo,halfnugget,linearDown,TRUE,TRUE,240,48,24,8,0.083333333,TRUE,FALSE,TRUE,-4
10000,armdroppbo,null,seasonal,TRUE,TRUE,240,48,24,8,0.083333333,TRUE,FALSE,TRUE,-4
10000,armdroppbo,nugget,seasonal,TRUE,TRUE,240,48,24,8,0.083333333,TRUE,FALSE,TRUE,-4
10000,armdroppbo,mixed,seasonal,TRUE,TRUE,240,48,24,8,0.083333333,TRUE,FALSE,TRUE,-4
10000,armdroppbo,twolow,seasonal,TRUE,TRUE,240,48,24,8,0.083333333,TRUE,FALSE,TRUE,-4
10000,armdroppbo,twohigh,seasonal,TRUE,TRUE,240,48,24,8,0.083333333,TRUE,FALSE,TRUE,-4
10000,armdroppbo,threemixed,seasonal,TRUE,TRUE,240,48,24,8,0.083333333,TRUE,FALSE,TRUE,-4
10000,armdroppbo,halfnugget,seasonal,TRUE,TRUE,240,48,24,8,0.083333333,TRUE,FALSE,TRUE,-4
10000,armdroppbo,null,changepoint,TRUE,TRUE,240,48,24,8,0.083333333,TRUE,FALSE,TRUE,-4
10000,armdroppbo,nugget,changepoint,TRUE,TRUE,240,48,24,8,0.083333333,TRUE,FALSE,TRUE,-4
10000,armdroppbo,mixed,changepoint,TRUE,TRUE,240,48,24,8,0.083333333,TRUE,FALSE,TRUE,-4
10000,armdroppbo,twolow,changepoint,TRUE,TRUE,240,48,24,8,0.083333333,TRUE,FALSE,TRUE,-4
10000,armdroppbo,twohigh,changepoint,TRUE,TRUE,240,48,24,8,0.083333333,TRUE,FALSE,TRUE,-4
10000,armdroppbo,threemixed,changepoint,TRUE,TRUE,240,48,24,8,0.083333333,TRUE,FALSE,TRUE,-4
10000,armdroppbo,halfnugget,changepoint,TRUE,TRUE,240,48,24,8,0.083333333,TRUE,FALSE,TRUE,-4
10000,armdroppbo,null,flat,TRUE,FALSE,240,48,24,8,0.083333333,TRUE,FALSE,TRUE,-4
10000,armdroppbo,nugget,flat,TRUE,FALSE,240,48,24,8,0.083333333,TRUE,FALSE,TRUE,-4
10000,armdroppbo,mixed,flat,TRUE,FALSE,240,48,24,8,0.083333333,TRUE,FALSE,TRUE,-4
10000,armdroppbo,twolow,flat,TRUE,FALSE,240,48,24,8,0.083333333,TRUE,FALSE,TRUE,-4
10000,armdroppbo,twohigh,flat,TRUE,FALSE,240,48,24,8,0.083333333,TRUE,FALSE,TRUE,-4
10000,armdroppbo,threemixed,flat,TRUE,FALSE,240,48,24,8,0.083333333,TRUE,FALSE,TRUE,-4
10000,armdroppbo,halfnugget,flat,TRUE,FALSE,240,48,24,8,0.083333333,TRUE,FALSE,TRUE,-4
10000,armdroppbo,null,linearUp,TRUE,FALSE,240,48,24,8,0.083333333,TRUE,FALSE,TRUE,-4
10000,armdroppbo,nugget,linearUp,TRUE,FALSE,240,48,24,8,0.083333333,TRUE,FALSE,TRUE,-4
10000,armdroppbo,mixed,linearUp,TRUE,FALSE,240,48,24,8,0.083333333,TRUE,FALSE,TRUE,-4
10000,armdroppbo,twolow,linearUp,TRUE,FALSE,240,48,24,8,0.083333333,TRUE,FALSE,TRUE,-4
10000,armdroppbo,twohigh,linearUp,TRUE,FALSE,240,48,24,8,0.083333333,TRUE,FALSE,TRUE,-4
10000,armdroppbo,threemixed,linearUp,TRUE,FALSE,240,48,24,8,0.083333333,TRUE,FALSE,TRUE,-4
10000,armdroppbo,halfnugget,linearUp,TRUE,FALSE,240,48,24,8,0.083333333,TRUE,FALSE,TRUE,-4
10000,armdroppbo,null,linearDown,TRUE,FALSE,240,48,24,8,0.083333333,TRUE,FALSE,TRUE,-4
10000,armdroppbo,nugget,linearDown,TRUE,FALSE,240,48,24,8,0.083333333,TRUE,FALSE,TRUE,-4
10000,armdroppbo,mixed,linearDown,TRUE,FALSE,240,48,24,8,0.083333333,TRUE,FALSE,TRUE,-4
10000,armdroppbo,twolow,linearDown,TRUE,FALSE,240,48,24,8,0.083333333,TRUE,FALSE,TRUE,-4
10000,armdroppbo,twohigh,linearDown,TRUE,FALSE,240,48,24,8,0.083333333,TRUE,FALSE,TRUE,-4
10000,armdroppbo,threemixed,linearDown,TRUE,FALSE,240,48,24,8,0.083333333,TRUE,FALSE,TRUE,-4
10000,armdroppbo,halfnugget,linearDown,TRUE,FALSE,240,48,24,8,0.083333333,TRUE,FALSE,TRUE,-4
10000,armdroppbo,null,seasonal,TRUE,FALSE,240,48,24,8,0.083333333,TRUE,FALSE,TRUE,-4
10000,armdroppbo,nugget,seasonal,TRUE,FALSE,240,48,24,8,0.083333333,TRUE,FALSE,TRUE,-4
10000,armdroppbo,mixed,seasonal,TRUE,FALSE,240,48,24,8,0.083333333,TRUE,FALSE,TRUE,-4
10000,armdroppbo,twolow,seasonal,TRUE,FALSE,240,48,24,8,0.083333333,TRUE,FALSE,TRUE,-4
10000,armdroppbo,twohigh,seasonal,TRUE,FALSE,240,48,24,8,0.083333333,TRUE,FALSE,TRUE,-4
10000,armdroppbo,threemixed,seasonal,TRUE,FALSE,240,48,24,8,0.083333333,TRUE,FALSE,TRUE,-4
10000,armdroppbo,halfnugget,seasonal,TRUE,FALSE,240,48,24,8,0.083333333,TRUE,FALSE,TRUE,-4
10000,armdroppbo,null,changepoint,TRUE,FALSE,240,48,24,8,0.083333333,TRUE,FALSE,TRUE,-4
10000,armdroppbo,nugget,changepoint,TRUE,FALSE,240,48,24,8,0.083333333,TRUE,FALSE,TRUE,-4
10000,armdroppbo,mixed,changepoint,TRUE,FALSE,240,48,24,8,0.083333333,TRUE,FALSE,TRUE,-4
10000,armdroppbo,twolow,changepoint,TRUE,FALSE,240,48,24,8,0.083333333,TRUE,FALSE,TRUE,-4
10000,armdroppbo,twohigh,changepoint,TRUE,FALSE,240,48,24,8,0.083333333,TRUE,FALSE,TRUE,-4
10000,armdroppbo,threemixed,changepoint,TRUE,FALSE,240,48,24,8,0.083333333,TRUE,FALSE,TRUE,-4
10000,armdroppbo,halfnugget,changepoint,TRUE,FALSE,240,48,24,8,0.083333333,TRUE,FALSE,TRUE,-4
10000,armdropmax,null,flat,TRUE,TRUE,240,48,24,8,0.083333333,TRUE,FALSE,TRUE,-0.5
10000,armdropmax,nugget,flat,TRUE,TRUE,240,48,24,8,0.083333333,TRUE,FALSE,TRUE,-0.5
10000,armdropmax,mixed,flat,TRUE,TRUE,240,48,24,8,0.083333333,TRUE,FALSE,TRUE,-0.5
10000,armdropmax,twolow,flat,TRUE,TRUE,240,48,24,8,0.083333333,TRUE,FALSE,TRUE,-0.5
10000,armdropmax,twohigh,flat,TRUE,TRUE,240,48,24,8,0.083333333,TRUE,FALSE,TRUE,-0.5
10000,armdropmax,threemixed,flat,TRUE,TRUE,240,48,24,8,0.083333333,TRUE,FALSE,TRUE,-0.5
10000,armdropmax,halfnugget,flat,TRUE,TRUE,240,48,24,8,0.083333333,TRUE,FALSE,TRUE,-0.5
10000,armdropmax,null,linearUp,TRUE,TRUE,240,48,24,8,0.083333333,TRUE,FALSE,TRUE,-0.5
10000,armdropmax,nugget,linearUp,TRUE,TRUE,240,48,24,8,0.083333333,TRUE,FALSE,TRUE,-0.5
10000,armdropmax,mixed,linearUp,TRUE,TRUE,240,48,24,8,0.083333333,TRUE,FALSE,TRUE,-0.5
10000,armdropmax,twolow,linearUp,TRUE,TRUE,240,48,24,8,0.083333333,TRUE,FALSE,TRUE,-0.5
10000,armdropmax,twohigh,linearUp,TRUE,TRUE,240,48,24,8,0.083333333,TRUE,FALSE,TRUE,-0.5
10000,armdropmax,threemixed,linearUp,TRUE,TRUE,240,48,24,8,0.083333333,TRUE,FALSE,TRUE,-0.5
10000,armdropmax,halfnugget,linearUp,TRUE,TRUE,240,48,24,8,0.083333333,TRUE,FALSE,TRUE,-0.5
10000,armdropmax,null,linearDown,TRUE,TRUE,240,48,24,8,0.083333333,TRUE,FALSE,TRUE,-0.5
10000,armdropmax,nugget,linearDown,TRUE,TRUE,240,48,24,8,0.083333333,TRUE,FALSE,TRUE,-0.5
10000,armdropmax,mixed,linearDown,TRUE,TRUE,240,48,24,8,0.083333333,TRUE,FALSE,TRUE,-0.5
10000,armdropmax,twolow,linearDown,TRUE,TRUE,240,48,24,8,0.083333333,TRUE,FALSE,TRUE,-0.5
10000,armdropmax,twohigh,linearDown,TRUE,TRUE,240,48,24,8,0.083333333,TRUE,FALSE,TRUE,-0.5
10000,armdropmax,threemixed,linearDown,TRUE,TRUE,240,48,24,8,0.083333333,TRUE,FALSE,TRUE,-0.5
10000,armdropmax,halfnugget,linearDown,TRUE,TRUE,240,48,24,8,0.083333333,TRUE,FALSE,TRUE,-0.5
10000,armdropmax,null,seasonal,TRUE,TRUE,240,48,24,8,0.083333333,TRUE,FALSE,TRUE,-0.5
10000,armdropmax,nugget,seasonal,TRUE,TRUE,240,48,24,8,0.083333333,TRUE,FALSE,TRUE,-0.5
10000,armdropmax,mixed,seasonal,TRUE,TRUE,240,48,24,8,0.083333333,TRUE,FALSE,TRUE,-0.5
10000,armdropmax,twolow,seasonal,TRUE,TRUE,240,48,24,8,0.083333333,TRUE,FALSE,TRUE,-0.5
10000,armdropmax,twohigh,seasonal,TRUE,TRUE,240,48,24,8,0.083333333,TRUE,FALSE,TRUE,-0.5
10000,armdropmax,threemixed,seasonal,TRUE,TRUE,240,48,24,8,0.083333333,TRUE,FALSE,TRUE,-0.5
10000,armdropmax,halfnugget,seasonal,TRUE,TRUE,240,48,24,8,0.083333333,TRUE,FALSE,TRUE,-0.5
10000,armdropmax,null,changepoint,TRUE,TRUE,240,48,24,8,0.083333333,TRUE,FALSE,TRUE,-0.5
10000,armdropmax,nugget,changepoint,TRUE,TRUE,240,48,24,8,0.083333333,TRUE,FALSE,TRUE,-0.5
10000,armdropmax,mixed,changepoint,TRUE,TRUE,240,48,24,8,0.083333333,TRUE,FALSE,TRUE,-0.5
10000,armdropmax,twolow,changepoint,TRUE,TRUE,240,48,24,8,0.083333333,TRUE,FALSE,TRUE,-0.5
10000,armdropmax,twohigh,changepoint,TRUE,TRUE,240,48,24,8,0.083333333,TRUE,FALSE,TRUE,-0.5
10000,armdropmax,threemixed,changepoint,TRUE,TRUE,240,48,24,8,0.083333333,TRUE,FALSE,TRUE,-0.5
10000,armdropmax,halfnugget,changepoint,TRUE,TRUE,240,48,24,8,0.083333333,TRUE,FALSE,TRUE,-0.5
10000,armdropmax,null,flat,TRUE,FALSE,240,48,24,8,0.083333333,TRUE,FALSE,TRUE,-0.5
10000,armdropmax,nugget,flat,TRUE,FALSE,240,48,24,8,0.083333333,TRUE,FALSE,TRUE,-0.5
10000,armdropmax,mixed,flat,TRUE,FALSE,240,48,24,8,0.083333333,TRUE,FALSE,TRUE,-0.5
10000,armdropmax,twolow,flat,TRUE,FALSE,240,48,24,8,0.083333333,TRUE,FALSE,TRUE,-0.5
10000,armdropmax,twohigh,flat,TRUE,FALSE,240,48,24,8,0.083333333,TRUE,FALSE,TRUE,-0.5
10000,armdropmax,threemixed,flat,TRUE,FALSE,240,48,24,8,0.083333333,TRUE,FALSE,TRUE,-0.5
10000,armdropmax,halfnugget,flat,TRUE,FALSE,240,48,24,8,0.083333333,TRUE,FALSE,TRUE,-0.5
10000,armdropmax,null,linearUp,TRUE,FALSE,240,48,24,8,0.083333333,TRUE,FALSE,TRUE,-0.5
10000,armdropmax,nugget,linearUp,TRUE,FALSE,240,48,24,8,0.083333333,TRUE,FALSE,TRUE,-0.5
10000,armdropmax,mixed,linearUp,TRUE,FALSE,240,48,24,8,0.083333333,TRUE,FALSE,TRUE,-0.5
10000,armdropmax,twolow,linearUp,TRUE,FALSE,240,48,24,8,0.083333333,TRUE,FALSE,TRUE,-0.5
10000,armdropmax,twohigh,linearUp,TRUE,FALSE,240,48,24,8,0.083333333,TRUE,FALSE,TRUE,-0.5
10000,armdropmax,threemixed,linearUp,TRUE,FALSE,240,48,24,8,0.083333333,TRUE,FALSE,TRUE,-0.5
10000,armdropmax,halfnugget,linearUp,TRUE,FALSE,240,48,24,8,0.083333333,TRUE,FALSE,TRUE,-0.5
10000,armdropmax,null,linearDown,TRUE,FALSE,240,48,24,8,0.083333333,TRUE,FALSE,TRUE,-0.5
10000,armdropmax,nugget,linearDown,TRUE,FALSE,240,48,24,8,0.083333333,TRUE,FALSE,TRUE,-0.5
10000,armdropmax,mixed,linearDown,TRUE,FALSE,240,48,24,8,0.083333333,TRUE,FALSE,TRUE,-0.5
10000,armdropmax,twolow,linearDown,TRUE,FALSE,240,48,24,8,0.083333333,TRUE,FALSE,TRUE,-0.5
10000,armdropmax,twohigh,linearDown,TRUE,FALSE,240,48,24,8,0.083333333,TRUE,FALSE,TRUE,-0.5
10000,armdropmax,threemixed,linearDown,TRUE,FALSE,240,48,24,8,0.083333333,TRUE,FALSE,TRUE,-0.5
10000,armdropmax,halfnugget,linearDown,TRUE,FALSE,240,48,24,8,0.083333333,TRUE,FALSE,TRUE,-0.5
10000,armdropmax,null,seasonal,TRUE,FALSE,240,48,24,8,0.083333333,TRUE,FALSE,TRUE,-0.5
10000,armdropmax,nugget,seasonal,TRUE,FALSE,240,48,24,8,0.083333333,TRUE,FALSE,TRUE,-0.5
10000,armdropmax,mixed,seasonal,TRUE,FALSE,240,48,24,8,0.083333333,TRUE,FALSE,TRUE,-0.5
10000,armdropmax,twolow,seasonal,TRUE,FALSE,240,48,24,8,0.083333333,TRUE,FALSE,TRUE,-0.5
10000,armdropmax,twohigh,seasonal,TRUE,FALSE,240,48,24,8,0.083333333,TRUE,FALSE,TRUE,-0.5
10000,armdropmax,threemixed,seasonal,TRUE,FALSE,240,48,24,8,0.083333333,TRUE,FALSE,TRUE,-0.5
10000,armdropmax,halfnugget,seasonal,TRUE,FALSE,240,48,24,8,0.083333333,TRUE,FALSE,TRUE,-0.5
10000,armdropmax,null,changepoint,TRUE,FALSE,240,48,24,8,0.083333333,TRUE,FALSE,TRUE,-0.5
10000,armdropmax,nugget,changepoint,TRUE,FALSE,240,48,24,8,0.083333333,TRUE,FALSE,TRUE,-0.5
10000,armdropmax,mixed,changepoint,TRUE,FALSE,240,48,24,8,0.083333333,TRUE,FALSE,TRUE,-0.5
10000,armdropmax,twolow,changepoint,TRUE,FALSE,240,48,24,8,0.083333333,TRUE,FALSE,TRUE,-0.5
10000,armdropmax,twohigh,changepoint,TRUE,FALSE,240,48,24,8,0.083333333,TRUE,FALSE,TRUE,-0.5
10000,armdropmax,threemixed,changepoint,TRUE,FALSE,240,48,24,8,0.083333333,TRUE,FALSE,TRUE,-0.5
10000,armdropmax,halfnugget,changepoint,TRUE,FALSE,240,48,24,8,0.083333333,TRUE,FALSE,TRUE,-0.5
10000,armdroppbo,null,flat,TRUE,TRUE,240,48,24,8,0.083333333,TRUE,FALSE,FALSE,-4
10000,armdroppbo,nugget,flat,TRUE,TRUE,240,48,24,8,0.083333333,TRUE,FALSE,FALSE,-4
10000,armdroppbo,mixed,flat,TRUE,TRUE,240,48,24,8,0.083333333,TRUE,FALSE,FALSE,-4
10000,armdroppbo,twolow,flat,TRUE,TRUE,240,48,24,8,0.083333333,TRUE,FALSE,FALSE,-4
10000,armdroppbo,twohigh,flat,TRUE,TRUE,240,48,24,8,0.083333333,TRUE,FALSE,FALSE,-4
10000,armdroppbo,threemixed,flat,TRUE,TRUE,240,48,24,8,0.083333333,TRUE,FALSE,FALSE,-4
10000,armdroppbo,halfnugget,flat,TRUE,TRUE,240,48,24,8,0.083333333,TRUE,FALSE,FALSE,-4
10000,armdroppbo,null,linearUp,TRUE,TRUE,240,48,24,8,0.083333333,TRUE,FALSE,FALSE,-4
10000,armdroppbo,nugget,linearUp,TRUE,TRUE,240,48,24,8,0.083333333,TRUE,FALSE,FALSE,-4
10000,armdroppbo,mixed,linearUp,TRUE,TRUE,240,48,24,8,0.083333333,TRUE,FALSE,FALSE,-4
10000,armdroppbo,twolow,linearUp,TRUE,TRUE,240,48,24,8,0.083333333,TRUE,FALSE,FALSE,-4
10000,armdroppbo,twohigh,linearUp,TRUE,TRUE,240,48,24,8,0.083333333,TRUE,FALSE,FALSE,-4
10000,armdroppbo,threemixed,linearUp,TRUE,TRUE,240,48,24,8,0.083333333,TRUE,FALSE,FALSE,-4
10000,armdroppbo,halfnugget,linearUp,TRUE,TRUE,240,48,24,8,0.083333333,TRUE,FALSE,FALSE,-4
10000,armdroppbo,null,linearDown,TRUE,TRUE,240,48,24,8,0.083333333,TRUE,FALSE,FALSE,-4
10000,armdroppbo,nugget,linearDown,TRUE,TRUE,240,48,24,8,0.083333333,TRUE,FALSE,FALSE,-4
10000,armdroppbo,mixed,linearDown,TRUE,TRUE,240,48,24,8,0.083333333,TRUE,FALSE,FALSE,-4
10000,armdroppbo,twolow,linearDown,TRUE,TRUE,240,48,24,8,0.083333333,TRUE,FALSE,FALSE,-4
10000,armdroppbo,twohigh,linearDown,TRUE,TRUE,240,48,24,8,0.083333333,TRUE,FALSE,FALSE,-4
10000,armdroppbo,threemixed,linearDown,TRUE,TRUE,240,48,24,8,0.083333333,TRUE,FALSE,FALSE,-4
10000,armdroppbo,halfnugget,linearDown,TRUE,TRUE,240,48,24,8,0.083333333,TRUE,FALSE,FALSE,-4
10000,armdroppbo,null,seasonal,TRUE,TRUE,240,48,24,8,0.083333333,TRUE,FALSE,FALSE,-4
10000,armdroppbo,nugget,seasonal,TRUE,TRUE,240,48,24,8,0.083333333,TRUE,FALSE,FALSE,-4
10000,armdroppbo,mixed,seasonal,TRUE,TRUE,240,48,24,8,0.083333333,TRUE,FALSE,FALSE,-4
10000,armdroppbo,twolow,seasonal,TRUE,TRUE,240,48,24,8,0.083333333,TRUE,FALSE,FALSE,-4
10000,armdroppbo,twohigh,seasonal,TRUE,TRUE,240,48,24,8,0.083333333,TRUE,FALSE,FALSE,-4
10000,armdroppbo,threemixed,seasonal,TRUE,TRUE,240,48,24,8,0.083333333,TRUE,FALSE,FALSE,-4
10000,armdroppbo,halfnugget,seasonal,TRUE,TRUE,240,48,24,8,0.083333333,TRUE,FALSE,FALSE,-4
10000,armdroppbo,null,changepoint,TRUE,TRUE,240,48,24,8,0.083333333,TRUE,FALSE,FALSE,-4
10000,armdroppbo,nugget,changepoint,TRUE,TRUE,240,48,24,8,0.083333333,TRUE,FALSE,FALSE,-4
10000,armdroppbo,mixed,changepoint,TRUE,TRUE,240,48,24,8,0.083333333,TRUE,FALSE,FALSE,-4
10000,armdroppbo,twolow,changepoint,TRUE,TRUE,240,48,24,8,0.083333333,TRUE,FALSE,FALSE,-4
10000,armdroppbo,twohigh,changepoint,TRUE,TRUE,240,48,24,8,0.083333333,TRUE,FALSE,FALSE,-4
10000,armdroppbo,threemixed,changepoint,TRUE,TRUE,240,48,24,8,0.083333333,TRUE,FALSE,FALSE,-4
10000,armdroppbo,halfnugget,changepoint,TRUE,TRUE,240,48,24,8,0.083333333,TRUE,FALSE,FALSE,-4
10000,armdroppbo,null,flat,TRUE,FALSE,240,48,24,8,0.083333333,TRUE,FALSE,FALSE,-4
10000,armdroppbo,nugget,flat,TRUE,FALSE,240,48,24,8,0.083333333,TRUE,FALSE,FALSE,-4
10000,armdroppbo,mixed,flat,TRUE,FALSE,240,48,24,8,0.083333333,TRUE,FALSE,FALSE,-4
10000,armdroppbo,twolow,flat,TRUE,FALSE,240,48,24,8,0.083333333,TRUE,FALSE,FALSE,-4
10000,armdroppbo,twohigh,flat,TRUE,FALSE,240,48,24,8,0.083333333,TRUE,FALSE,FALSE,-4
10000,armdroppbo,threemixed,flat,TRUE,FALSE,240,48,24,8,0.083333333,TRUE,FALSE,FALSE,-4
10000,armdroppbo,halfnugget,flat,TRUE,FALSE,240,48,24,8,0.083333333,TRUE,FALSE,FALSE,-4
10000,armdroppbo,null,linearUp,TRUE,FALSE,240,48,24,8,0.083333333,TRUE,FALSE,FALSE,-4
10000,armdroppbo,nugget,linearUp,TRUE,FALSE,240,48,24,8,0.083333333,TRUE,FALSE,FALSE,-4
10000,armdroppbo,mixed,linearUp,TRUE,FALSE,240,48,24,8,0.083333333,TRUE,FALSE,FALSE,-4
10000,armdroppbo,twolow,linearUp,TRUE,FALSE,240,48,24,8,0.083333333,TRUE,FALSE,FALSE,-4
10000,armdroppbo,twohigh,linearUp,TRUE,FALSE,240,48,24,8,0.083333333,TRUE,FALSE,FALSE,-4
10000,armdroppbo,threemixed,linearUp,TRUE,FALSE,240,48,24,8,0.083333333,TRUE,FALSE,FALSE,-4
10000,armdroppbo,halfnugget,linearUp,TRUE,FALSE,240,48,24,8,0.083333333,TRUE,FALSE,FALSE,-4
10000,armdroppbo,null,linearDown,TRUE,FALSE,240,48,24,8,0.083333333,TRUE,FALSE,FALSE,-4
10000,armdroppbo,nugget,linearDown,TRUE,FALSE,240,48,24,8,0.083333333,TRUE,FALSE,FALSE,-4
10000,armdroppbo,mixed,linearDown,TRUE,FALSE,240,48,24,8,0.083333333,TRUE,FALSE,FALSE,-4
10000,armdroppbo,twolow,linearDown,TRUE,FALSE,240,48,24,8,0.083333333,TRUE,FALSE,FALSE,-4
10000,armdroppbo,twohigh,linearDown,TRUE,FALSE,240,48,24,8,0.083333333,TRUE,FALSE,FALSE,-4
10000,armdroppbo,threemixed,linearDown,TRUE,FALSE,240,48,24,8,0.083333333,TRUE,FALSE,FALSE,-4
10000,armdroppbo,halfnugget,linearDown,TRUE,FALSE,240,48,24,8,0.083333333,TRUE,FALSE,FALSE,-4
10000,armdroppbo,null,seasonal,TRUE,FALSE,240,48,24,8,0.083333333,TRUE,FALSE,FALSE,-4
10000,armdroppbo,nugget,seasonal,TRUE,FALSE,240,48,24,8,0.083333333,TRUE,FALSE,FALSE,-4
10000,armdroppbo,mixed,seasonal,TRUE,FALSE,240,48,24,8,0.083333333,TRUE,FALSE,FALSE,-4
10000,armdroppbo,twolow,seasonal,TRUE,FALSE,240,48,24,8,0.083333333,TRUE,FALSE,FALSE,-4
10000,armdroppbo,twohigh,seasonal,TRUE,FALSE,240,48,24,8,0.083333333,TRUE,FALSE,FALSE,-4
10000,armdroppbo,threemixed,seasonal,TRUE,FALSE,240,48,24,8,0.083333333,TRUE,FALSE,FALSE,-4
10000,armdroppbo,halfnugget,seasonal,TRUE,FALSE,240,48,24,8,0.083333333,TRUE,FALSE,FALSE,-4
10000,armdroppbo,null,changepoint,TRUE,FALSE,240,48,24,8,0.083333333,TRUE,FALSE,FALSE,-4
10000,armdroppbo,nugget,changepoint,TRUE,FALSE,240,48,24,8,0.083333333,TRUE,FALSE,FALSE,-4
10000,armdroppbo,mixed,changepoint,TRUE,FALSE,240,48,24,8,0.083333333,TRUE,FALSE,FALSE,-4
10000,armdroppbo,twolow,changepoint,TRUE,FALSE,240,48,24,8,0.083333333,TRUE,FALSE,FALSE,-4
10000,armdroppbo,twohigh,changepoint,TRUE,FALSE,240,48,24,8,0.083333333,TRUE,FALSE,FALSE,-4
10000,armdroppbo,threemixed,changepoint,TRUE,FALSE,240,48,24,8,0.083333333,TRUE,FALSE,FALSE,-4
10000,armdroppbo,halfnugget,changepoint,TRUE,FALSE,240,48,24,8,0.083333333,TRUE,FALSE,FALSE,-4
10000,mams,null,flat,TRUE,TRUE,240,48,24,8,0.083333333,TRUE,FALSE,TRUE,-0.5
10000,mams,nugget,flat,TRUE,TRUE,240,48,24,8,0.083333333,TRUE,FALSE,TRUE,-0.5
10000,mams,mixed,flat,TRUE,TRUE,240,48,24,8,0.083333333,TRUE,FALSE,TRUE,-0.5
10000,mams,twolow,flat,TRUE,TRUE,240,48,24,8,0.083333333,TRUE,FALSE,TRUE,-0.5
10000,mams,twohigh,flat,TRUE,TRUE,240,48,24,8,0.083333333,TRUE,FALSE,TRUE,-0.5
10000,mams,threemixed,flat,TRUE,TRUE,240,48,24,8,0.083333333,TRUE,FALSE,TRUE,-0.5
10000,mams,halfnugget,flat,TRUE,TRUE,240,48,24,8,0.083333333,TRUE,FALSE,TRUE,-0.5
10000,mams,null,linearUp,TRUE,TRUE,240,48,24,8,0.083333333,TRUE,FALSE,TRUE,-0.5
10000,mams,nugget,linearUp,TRUE,TRUE,240,48,24,8,0.083333333,TRUE,FALSE,TRUE,-0.5
10000,mams,mixed,linearUp,TRUE,TRUE,240,48,24,8,0.083333333,TRUE,FALSE,TRUE,-0.5
10000,mams,twolow,linearUp,TRUE,TRUE,240,48,24,8,0.083333333,TRUE,FALSE,TRUE,-0.5
10000,mams,twohigh,linearUp,TRUE,TRUE,240,48,24,8,0.083333333,TRUE,FALSE,TRUE,-0.5
10000,mams,threemixed,linearUp,TRUE,TRUE,240,48,24,8,0.083333333,TRUE,FALSE,TRUE,-0.5
10000,mams,halfnugget,linearUp,TRUE,TRUE,240,48,24,8,0.083333333,TRUE,FALSE,TRUE,-0.5
10000,mams,null,linearDown,TRUE,TRUE,240,48,24,8,0.083333333,TRUE,FALSE,TRUE,-0.5
10000,mams,nugget,linearDown,TRUE,TRUE,240,48,24,8,0.083333333,TRUE,FALSE,TRUE,-0.5
10000,mams,mixed,linearDown,TRUE,TRUE,240,48,24,8,0.083333333,TRUE,FALSE,TRUE,-0.5
10000,mams,twolow,linearDown,TRUE,TRUE,240,48,24,8,0.083333333,TRUE,FALSE,TRUE,-0.5
10000,mams,twohigh,linearDown,TRUE,TRUE,240,48,24,8,0.083333333,TRUE,FALSE,TRUE,-0.5
10000,mams,threemixed,linearDown,TRUE,TRUE,240,48,24,8,0.083333333,TRUE,FALSE,TRUE,-0.5
10000,mams,halfnugget,linearDown,TRUE,TRUE,240,48,24,8,0.083333333,TRUE,FALSE,TRUE,-0.5
10000,mams,null,seasonal,TRUE,TRUE,240,48,24,8,0.083333333,TRUE,FALSE,TRUE,-0.5
10000,mams,nugget,seasonal,TRUE,TRUE,240,48,24,8,0.083333333,TRUE,FALSE,TRUE,-0.5
10000,mams,mixed,seasonal,TRUE,TRUE,240,48,24,8,0.083333333,TRUE,FALSE,TRUE,-0.5
10000,mams,twolow,seasonal,TRUE,TRUE,240,48,24,8,0.083333333,TRUE,FALSE,TRUE,-0.5
10000,mams,twohigh,seasonal,TRUE,TRUE,240,48,24,8,0.083333333,TRUE,FALSE,TRUE,-0.5
10000,mams,threemixed,seasonal,TRUE,TRUE,240,48,24,8,0.083333333,TRUE,FALSE,TRUE,-0.5
10000,mams,halfnugget,seasonal,TRUE,TRUE,240,48,24,8,0.083333333,TRUE,FALSE,TRUE,-0.5
10000,mams,null,changepoint,TRUE,TRUE,240,48,24,8,0.083333333,TRUE,FALSE,TRUE,-0.5
10000,mams,nugget,changepoint,TRUE,TRUE,240,48,24,8,0.083333333,TRUE,FALSE,TRUE,-0.5
10000,mams,mixed,changepoint,TRUE,TRUE,240,48,24,8,0.083333333,TRUE,FALSE,TRUE,-0.5
10000,mams,twolow,changepoint,TRUE,TRUE,240,48,24,8,0.083333333,TRUE,FALSE,TRUE,-0.5
10000,mams,twohigh,changepoint,TRUE,TRUE,240,48,24,8,0.083333333,TRUE,FALSE,TRUE,-0.5
10000,mams,threemixed,changepoint,TRUE,TRUE,240,48,24,8,0.083333333,TRUE,FALSE,TRUE,-0.5
10000,mams,halfnugget,changepoint,TRUE,TRUE,240,48,24,8,0.083333333,TRUE,FALSE,TRUE,-0.5
10000,mams,null,flat,TRUE,FALSE,240,48,24,8,0.083333333,TRUE,FALSE,TRUE,-0.5
10000,mams,nugget,flat,TRUE,FALSE,240,48,24,8,0.083333333,TRUE,FALSE,TRUE,-0.5
10000,mams,mixed,flat,TRUE,FALSE,240,48,24,8,0.083333333,TRUE,FALSE,TRUE,-0.5
10000,mams,twolow,flat,TRUE,FALSE,240,48,24,8,0.083333333,TRUE,FALSE,TRUE,-0.5
10000,mams,twohigh,flat,TRUE,FALSE,240,48,24,8,0.083333333,TRUE,FALSE,TRUE,-0.5
10000,mams,threemixed,flat,TRUE,FALSE,240,48,24,8,0.083333333,TRUE,FALSE,TRUE,-0.5
10000,mams,halfnugget,flat,TRUE,FALSE,240,48,24,8,0.083333333,TRUE,FALSE,TRUE,-0.5
10000,mams,null,linearUp,TRUE,FALSE,240,48,24,8,0.083333333,TRUE,FALSE,TRUE,-0.5
10000,mams,nugget,linearUp,TRUE,FALSE,240,48,24,8,0.083333333,TRUE,FALSE,TRUE,-0.5
10000,mams,mixed,linearUp,TRUE,FALSE,240,48,24,8,0.083333333,TRUE,FALSE,TRUE,-0.5
10000,mams,twolow,linearUp,TRUE,FALSE,240,48,24,8,0.083333333,TRUE,FALSE,TRUE,-0.5
10000,mams,twohigh,linearUp,TRUE,FALSE,240,48,24,8,0.083333333,TRUE,FALSE,TRUE,-0.5
10000,mams,threemixed,linearUp,TRUE,FALSE,240,48,24,8,0.083333333,TRUE,FALSE,TRUE,-0.5
10000,mams,halfnugget,linearUp,TRUE,FALSE,240,48,24,8,0.083333333,TRUE,FALSE,TRUE,-0.5
10000,mams,null,linearDown,TRUE,FALSE,240,48,24,8,0.083333333,TRUE,FALSE,TRUE,-0.5
10000,mams,nugget,linearDown,TRUE,FALSE,240,48,24,8,0.083333333,TRUE,FALSE,TRUE,-0.5
10000,mams,mixed,linearDown,TRUE,FALSE,240,48,24,8,0.083333333,TRUE,FALSE,TRUE,-0.5
10000,mams,twolow,linearDown,TRUE,FALSE,240,48,24,8,0.083333333,TRUE,FALSE,TRUE,-0.5
10000,mams,twohigh,linearDown,TRUE,FALSE,240,48,24,8,0.083333333,TRUE,FALSE,TRUE,-0.5
10000,mams,threemixed,linearDown,TRUE,FALSE,240,48,24,8,0.083333333,TRUE,FALSE,TRUE,-0.5
10000,mams,halfnugget,linearDown,TRUE,FALSE,240,48,24,8,0.083333333,TRUE,FALSE,TRUE,-0.5
10000,mams,null,seasonal,TRUE,FALSE,240,48,24,8,0.083333333,TRUE,FALSE,TRUE,-0.5
10000,mams,nugget,seasonal,TRUE,FALSE,240,48,24,8,0.083333333,TRUE,FALSE,TRUE,-0.5
10000,mams,mixed,seasonal,TRUE,FALSE,240,48,24,8,0.083333333,TRUE,FALSE,TRUE,-0.5
10000,mams,twolow,seasonal,TRUE,FALSE,240,48,24,8,0.083333333,TRUE,FALSE,TRUE,-0.5
10000,mams,twohigh,seasonal,TRUE,FALSE,240,48,24,8,0.083333333,TRUE,FALSE,TRUE,-0.5
10000,mams,threemixed,seasonal,TRUE,FALSE,240,48,24,8,0.083333333,TRUE,FALSE,TRUE,-0.5
10000,mams,halfnugget,seasonal,TRUE,FALSE,240,48,24,8,0.083333333,TRUE,FALSE,TRUE,-0.5
10000,mams,null,changepoint,TRUE,FALSE,240,48,24,8,0.083333333,TRUE,FALSE,TRUE,-0.5
10000,mams,nugget,changepoint,TRUE,FALSE,240,48,24,8,0.083333333,TRUE,FALSE,TRUE,-0.5
10000,mams,mixed,changepoint,TRUE,FALSE,240,48,24,8,0.083333333,TRUE,FALSE,TRUE,-0.5
10000,mams,twolow,changepoint,TRUE,FALSE,240,48,24,8,0.083333333,TRUE,FALSE,TRUE,-0.5
10000,mams,twohigh,changepoint,TRUE,FALSE,240,48,24,8,0.083333333,TRUE,FALSE,TRUE,-0.5
10000,mams,threemixed,changepoint,TRUE,FALSE,240,48,24,8,0.083333333,TRUE,FALSE,TRUE,-0.5
10000,mams,halfnugget,changepoint,TRUE,FALSE,240,48,24,8,0.083333333,TRUE,FALSE,TRUE,-0.5
10000,mams,null,flat,TRUE,TRUE,240,48,24,8,0.083333333,TRUE,FALSE,TRUE,-4
10000,mams,nugget,flat,TRUE,TRUE,240,48,24,8,0.083333333,TRUE,FALSE,TRUE,-4
10000,mams,mixed,flat,TRUE,TRUE,240,48,24,8,0.083333333,TRUE,FALSE,TRUE,-4
10000,mams,twolow,flat,TRUE,TRUE,240,48,24,8,0.083333333,TRUE,FALSE,TRUE,-4
10000,mams,twohigh,flat,TRUE,TRUE,240,48,24,8,0.083333333,TRUE,FALSE,TRUE,-4
10000,mams,threemixed,flat,TRUE,TRUE,240,48,24,8,0.083333333,TRUE,FALSE,TRUE,-4
10000,mams,halfnugget,flat,TRUE,TRUE,240,48,24,8,0.083333333,TRUE,FALSE,TRUE,-4
10000,mams,null,linearUp,TRUE,TRUE,240,48,24,8,0.083333333,TRUE,FALSE,TRUE,-4
10000,mams,nugget,linearUp,TRUE,TRUE,240,48,24,8,0.083333333,TRUE,FALSE,TRUE,-4
10000,mams,mixed,linearUp,TRUE,TRUE,240,48,24,8,0.083333333,TRUE,FALSE,TRUE,-4
10000,mams,twolow,linearUp,TRUE,TRUE,240,48,24,8,0.083333333,TRUE,FALSE,TRUE,-4
10000,mams,twohigh,linearUp,TRUE,TRUE,240,48,24,8,0.083333333,TRUE,FALSE,TRUE,-4
10000,mams,threemixed,linearUp,TRUE,TRUE,240,48,24,8,0.083333333,TRUE,FALSE,TRUE,-4
10000,mams,halfnugget,linearUp,TRUE,TRUE,240,48,24,8,0.083333333,TRUE,FALSE,TRUE,-4
10000,mams,null,linearDown,TRUE,TRUE,240,48,24,8,0.083333333,TRUE,FALSE,TRUE,-4
10000,mams,nugget,linearDown,TRUE,TRUE,240,48,24,8,0.083333333,TRUE,FALSE,TRUE,-4
10000,mams,mixed,linearDown,TRUE,TRUE,240,48,24,8,0.083333333,TRUE,FALSE,TRUE,-4
10000,mams,twolow,linearDown,TRUE,TRUE,240,48,24,8,0.083333333,TRUE,FALSE,TRUE,-4
10000,mams,twohigh,linearDown,TRUE,TRUE,240,48,24,8,0.083333333,TRUE,FALSE,TRUE,-4
10000,mams,threemixed,linearDown,TRUE,TRUE,240,48,24,8,0.083333333,TRUE,FALSE,TRUE,-4
10000,mams,halfnugget,linearDown,TRUE,TRUE,240,48,24,8,0.083333333,TRUE,FALSE,TRUE,-4
10000,mams,null,seasonal,TRUE,TRUE,240,48,24,8,0.083333333,TRUE,FALSE,TRUE,-4
10000,mams,nugget,seasonal,TRUE,TRUE,240,48,24,8,0.083333333,TRUE,FALSE,TRUE,-4
10000,mams,mixed,seasonal,TRUE,TRUE,240,48,24,8,0.083333333,TRUE,FALSE,TRUE,-4
10000,mams,twolow,seasonal,TRUE,TRUE,240,48,24,8,0.083333333,TRUE,FALSE,TRUE,-4
10000,mams,twohigh,seasonal,TRUE,TRUE,240,48,24,8,0.083333333,TRUE,FALSE,TRUE,-4
10000,mams,threemixed,seasonal,TRUE,TRUE,240,48,24,8,0.083333333,TRUE,FALSE,TRUE,-4
10000,mams,halfnugget,seasonal,TRUE,TRUE,240,48,24,8,0.083333333,TRUE,FALSE,TRUE,-4
10000,mams,null,changepoint,TRUE,TRUE,240,48,24,8,0.083333333,TRUE,FALSE,TRUE,-4
10000,mams,nugget,changepoint,TRUE,TRUE,240,48,24,8,0.083333333,TRUE,FALSE,TRUE,-4
10000,mams,mixed,changepoint,TRUE,TRUE,240,48,24,8,0.083333333,TRUE,FALSE,TRUE,-4
10000,mams,twolow,changepoint,TRUE,TRUE,240,48,24,8,0.083333333,TRUE,FALSE,TRUE,-4
10000,mams,twohigh,changepoint,TRUE,TRUE,240,48,24,8,0.083333333,TRUE,FALSE,TRUE,-4
10000,mams,threemixed,changepoint,TRUE,TRUE,240,48,24,8,0.083333333,TRUE,FALSE,TRUE,-4
10000,mams,halfnugget,changepoint,TRUE,TRUE,240,48,24,8,0.083333333,TRUE,FALSE,TRUE,-4
10000,mams,null,flat,TRUE,FALSE,240,48,24,8,0.083333333,TRUE,FALSE,TRUE,-4
10000,mams,nugget,flat,TRUE,FALSE,240,48,24,8,0.083333333,TRUE,FALSE,TRUE,-4
10000,mams,mixed,flat,TRUE,FALSE,240,48,24,8,0.083333333,TRUE,FALSE,TRUE,-4
10000,mams,twolow,flat,TRUE,FALSE,240,48,24,8,0.083333333,TRUE,FALSE,TRUE,-4
10000,mams,twohigh,flat,TRUE,FALSE,240,48,24,8,0.083333333,TRUE,FALSE,TRUE,-4
10000,mams,threemixed,flat,TRUE,FALSE,240,48,24,8,0.083333333,TRUE,FALSE,TRUE,-4
10000,mams,halfnugget,flat,TRUE,FALSE,240,48,24,8,0.083333333,TRUE,FALSE,TRUE,-4
10000,mams,null,linearUp,TRUE,FALSE,240,48,24,8,0.083333333,TRUE,FALSE,TRUE,-4
10000,mams,nugget,linearUp,TRUE,FALSE,240,48,24,8,0.083333333,TRUE,FALSE,TRUE,-4
10000,mams,mixed,linearUp,TRUE,FALSE,240,48,24,8,0.083333333,TRUE,FALSE,TRUE,-4
10000,mams,twolow,linearUp,TRUE,FALSE,240,48,24,8,0.083333333,TRUE,FALSE,TRUE,-4
10000,mams,twohigh,linearUp,TRUE,FALSE,240,48,24,8,0.083333333,TRUE,FALSE,TRUE,-4
10000,mams,threemixed,linearUp,TRUE,FALSE,240,48,24,8,0.083333333,TRUE,FALSE,TRUE,-4
10000,mams,halfnugget,linearUp,TRUE,FALSE,240,48,24,8,0.083333333,TRUE,FALSE,TRUE,-4
10000,mams,null,linearDown,TRUE,FALSE,240,48,24,8,0.083333333,TRUE,FALSE,TRUE,-4
10000,mams,nugget,linearDown,TRUE,FALSE,240,48,24,8,0.083333333,TRUE,FALSE,TRUE,-4
10000,mams,mixed,linearDown,TRUE,FALSE,240,48,24,8,0.083333333,TRUE,FALSE,TRUE,-4
10000,mams,twolow,linearDown,TRUE,FALSE,240,48,24,8,0.083333333,TRUE,FALSE,TRUE,-4
10000,mams,twohigh,linearDown,TRUE,FALSE,240,48,24,8,0.083333333,TRUE,FALSE,TRUE,-4
10000,mams,threemixed,linearDown,TRUE,FALSE,240,48,24,8,0.083333333,TRUE,FALSE,TRUE,-4
10000,mams,halfnugget,linearDown,TRUE,FALSE,240,48,24,8,0.083333333,TRUE,FALSE,TRUE,-4
10000,mams,null,seasonal,TRUE,FALSE,240,48,24,8,0.083333333,TRUE,FALSE,TRUE,-4
10000,mams,nugget,seasonal,TRUE,FALSE,240,48,24,8,0.083333333,TRUE,FALSE,TRUE,-4
10000,mams,mixed,seasonal,TRUE,FALSE,240,48,24,8,0.083333333,TRUE,FALSE,TRUE,-4
10000,mams,twolow,seasonal,TRUE,FALSE,240,48,24,8,0.083333333,TRUE,FALSE,TRUE,-4
10000,mams,twohigh,seasonal,TRUE,FALSE,240,48,24,8,0.083333333,TRUE,FALSE,TRUE,-4
10000,mams,threemixed,seasonal,TRUE,FALSE,240,48,24,8,0.083333333,TRUE,FALSE,TRUE,-4
10000,mams,halfnugget,seasonal,TRUE,FALSE,240,48,24,8,0.083333333,TRUE,FALSE,TRUE,-4
10000,mams,null,changepoint,TRUE,FALSE,240,48,24,8,0.083333333,TRUE,FALSE,TRUE,-4
10000,mams,nugget,changepoint,TRUE,FALSE,240,48,24,8,0.083333333,TRUE,FALSE,TRUE,-4
10000,mams,mixed,changepoint,TRUE,FALSE,240,48,24,8,0.083333333,TRUE,FALSE,TRUE,-4
10000,mams,twolow,changepoint,TRUE,FALSE,240,48,24,8,0.083333333,TRUE,FALSE,TRUE,-4
10000,mams,twohigh,changepoint,TRUE,FALSE,240,48,24,8,0.083333333,TRUE,FALSE,TRUE,-4
10000,mams,threemixed,changepoint,TRUE,FALSE,240,48,24,8,0.083333333,TRUE,FALSE,TRUE,-4
10000,mams,halfnugget,changepoint,TRUE,FALSE,240,48,24,8,0.083333333,TRUE,FALSE,TRUE,-4